timeStamp,elapsed,label,responseCode,responseMessage,threadName,dataType,success,failureMessage,bytes,sentBytes,grpThreads,allThreads,URL,Latency,IdleTime,Connect
1699363652368,1731,open Web Page,200,"Number of samples in transaction : 2, number of failing samples : 0",jp@gc - Ultimate Thread Group 1-5,,true,,97625,1495,1,1,null,0,137,737
1699363652493,988,open Web Page-9,200,OK,jp@gc - Ultimate Thread Group 1-5,text,true,,4584,769,1,1,https://opensource-demo.orangehrmlive.com/web/index.php/auth/login,987,0,737
1699363653492,743,open Web Page-10,200,OK,jp@gc - Ultimate Thread Group 1-5,text,true,,93041,726,1,1,https://opensource-demo.orangehrmlive.com/web/index.php/core/i18n/messages,476,0,0
1699363654341,2088,open Web Page,200,"Number of samples in transaction : 2, number of failing samples : 0",jp@gc - Ultimate Thread Group 1-4,,true,,97646,1495,3,3,null,0,6,405
1699363654343,732,open Web Page-9,200,OK,jp@gc - Ultimate Thread Group 1-4,text,true,,4605,769,2,2,https://opensource-demo.orangehrmlive.com/web/index.php/auth/login,732,0,405
1699363655078,1356,open Web Page-10,200,OK,jp@gc - Ultimate Thread Group 1-4,text,true,,93041,726,3,3,https://opensource-demo.orangehrmlive.com/web/index.php/core/i18n/messages,697,0,0
1699363656341,1146,open Web Page,200,"Number of samples in transaction : 2, number of failing samples : 0",jp@gc - Ultimate Thread Group 1-3,,true,,97616,1495,3,3,null,0,5,252
1699363656343,482,open Web Page-9,200,OK,jp@gc - Ultimate Thread Group 1-3,text,true,,4583,769,3,3,https://opensource-demo.orangehrmlive.com/web/index.php/auth/login,482,0,252
1699363656827,664,open Web Page-10,200,OK,jp@gc - Ultimate Thread Group 1-3,text,true,,93033,726,3,3,https://opensource-demo.orangehrmlive.com/web/index.php/core/i18n/messages,367,0,0
1699363658341,1244,open Web Page,200,"Number of samples in transaction : 2, number of failing samples : 0",jp@gc - Ultimate Thread Group 1-2,,true,,97638,1495,4,4,null,0,3,243
1699363658342,479,open Web Page-9,200,OK,jp@gc - Ultimate Thread Group 1-2,text,true,,4605,769,4,4,https://opensource-demo.orangehrmlive.com/web/index.php/auth/login,479,0,243
1699363658823,765,open Web Page-10,200,OK,jp@gc - Ultimate Thread Group 1-2,text,true,,93033,726,4,4,https://opensource-demo.orangehrmlive.com/web/index.php/core/i18n/messages,430,0,0
1699363655239,6021,login,400,"Number of samples in transaction : 19, number of failing samples : 2",jp@gc - Ultimate Thread Group 1-5,,false,,212383,15826,5,5,null,0,24,0
1699363655240,896,login-11,200,OK,jp@gc - Ultimate Thread Group 1-5,text,true,,9485,2105,2,2,https://opensource-demo.orangehrmlive.com/web/index.php/dashboard/index,543,0,0
1699363655240,543,login-11-0,302,Found,jp@gc - Ultimate Thread Group 1-5,text,true,,1786,1137,2,2,https://opensource-demo.orangehrmlive.com/web/index.php/auth/validate,543,0,0
1699363655787,349,login-11-1,200,OK,jp@gc - Ultimate Thread Group 1-5,text,true,,7699,968,2,2,https://opensource-demo.orangehrmlive.com/web/index.php/dashboard/index,349,0,0
1699363656138,262,login-13,200,OK,jp@gc - Ultimate Thread Group 1-5,text,true,,7699,868,3,3,https://opensource-demo.orangehrmlive.com/web/index.php/dashboard/index,262,0,0
1699363656402,710,login-16,200,OK,jp@gc - Ultimate Thread Group 1-5,text,true,,93041,731,3,3,https://opensource-demo.orangehrmlive.com/web/index.php/core/i18n/messages,393,0,0
1699363657113,185,login-17,200,OK,jp@gc - Ultimate Thread Group 1-5,,true,,27385,751,3,3,https://opensource-demo.orangehrmlive.com/web/dist/fonts/nunito-sans-v6-latin-ext_latin-700.woff2,184,0,0
1699363657299,172,login-18,200,OK,jp@gc - Ultimate Thread Group 1-5,,true,,27873,754,3,3,https://opensource-demo.orangehrmlive.com/web/dist/fonts/nunito-sans-v6-latin-ext_latin-italic.woff2,170,0,0
1699363657473,343,login-19,200,OK,jp@gc - Ultimate Thread Group 1-5,text,true,,2243,834,3,3,https://opensource-demo.orangehrmlive.com/web/index.php/api/v2/dashboard/employees/time-at-work?timezoneOffset=3&currentDate=2023-11-07&currentTime=13%3A27,343,0,0
1699363657818,276,login-20,200,OK,jp@gc - Ultimate Thread Group 1-5,text,true,,1242,761,3,3,https://opensource-demo.orangehrmlive.com/web/index.php/api/v2/dashboard/shortcuts,276,0,0
1699363658095,257,login-21,200,OK,jp@gc - Ultimate Thread Group 1-5,text,true,,1282,776,4,4,https://opensource-demo.orangehrmlive.com/web/index.php/api/v2/dashboard/employees/action-summary,257,0,0
1699363658353,240,login-22,200,OK,jp@gc - Ultimate Thread Group 1-5,text,true,,1617,750,4,4,https://opensource-demo.orangehrmlive.com/web/index.php/api/v2/buzz/feed?limit=5&offset=0&sortOrder=DESC&sortField=share.createdAtUtc,240,0,0
1699363658594,275,login-24,200,OK,jp@gc - Ultimate Thread Group 1-5,text,true,,1125,784,4,4,https://opensource-demo.orangehrmlive.com/web/index.php/api/v2/dashboard/employees/leaves?date=2023-05-25,275,0,0
1699363658869,286,login-25,200,OK,jp@gc - Ultimate Thread Group 1-5,text,true,,1061,802,4,4,https://opensource-demo.orangehrmlive.com/web/index.php/events/push,286,0,0
1699363659156,257,login-26,200,OK,jp@gc - Ultimate Thread Group 1-5,text,true,,1219,769,4,4,https://opensource-demo.orangehrmlive.com/web/index.php/api/v2/dashboard/employees/subunit,257,0,0
1699363659414,277,login-27,200,OK,jp@gc - Ultimate Thread Group 1-5,text,true,,1511,771,4,4,https://opensource-demo.orangehrmlive.com/web/index.php/api/v2/dashboard/employees/locations,277,0,0
1699363659692,222,login-29,200,OK,jp@gc - Ultimate Thread Group 1-5,bin,true,,5842,733,4,4,https://opensource-demo.orangehrmlive.com/web/index.php/pim/viewPhoto/empNumber/15,222,0,0
1699363659915,311,login-31,200,OK,jp@gc - Ultimate Thread Group 1-5,bin,true,,17412,732,4,4,https://opensource-demo.orangehrmlive.com/web/index.php/pim/viewPhoto/empNumber/7,311,0,0
1699363660227,251,login-34,200,OK,jp@gc - Ultimate Thread Group 1-5,bin,true,,5842,732,5,5,https://opensource-demo.orangehrmlive.com/web/index.php/pim/viewPhoto/empNumber/2,250,0,0
1699363660479,273,login-33,400,Bad Request,jp@gc - Ultimate Thread Group 1-5,text,false,,331,720,5,5,https://opensource-demo.orangehrmlive.com/web/index.php/buzz/photo/12,273,0,0
1699363660754,257,login-36,200,OK,jp@gc - Ultimate Thread Group 1-5,bin,true,,5842,733,5,5,https://opensource-demo.orangehrmlive.com/web/index.php/pim/viewPhoto/empNumber/22,257,0,0
1699363661012,271,login-35,400,Bad Request,jp@gc - Ultimate Thread Group 1-5,text,false,,331,720,5,5,https://opensource-demo.orangehrmlive.com/web/index.php/buzz/photo/11,271,0,0
1699363660340,3113,open Web Page,200,"Number of samples in transaction : 2, number of failing samples : 0",jp@gc - Ultimate Thread Group 1-1,,true,,97638,1495,5,5,null,0,5,500
1699363660342,941,open Web Page-9,200,OK,jp@gc - Ultimate Thread Group 1-1,text,true,,4605,769,5,5,https://opensource-demo.orangehrmlive.com/web/index.php/auth/login,941,0,500
1699363661285,2172,open Web Page-10,200,OK,jp@gc - Ultimate Thread Group 1-1,text,true,,93033,726,5,5,https://opensource-demo.orangehrmlive.com/web/index.php/core/i18n/messages,889,0,0
1699363658493,7293,login,400,"Number of samples in transaction : 19, number of failing samples : 2",jp@gc - Ultimate Thread Group 1-3,,false,,212375,15825,5,5,null,0,20,0
1699363658494,871,login-11,200,OK,jp@gc - Ultimate Thread Group 1-3,text,true,,9485,2104,4,4,https://opensource-demo.orangehrmlive.com/web/index.php/dashboard/index,553,0,0
1699363658494,553,login-11-0,302,Found,jp@gc - Ultimate Thread Group 1-3,text,true,,1786,1136,4,4,https://opensource-demo.orangehrmlive.com/web/index.php/auth/validate,553,0,0
1699363659048,317,login-11-1,200,OK,jp@gc - Ultimate Thread Group 1-3,text,true,,7699,968,4,4,https://opensource-demo.orangehrmlive.com/web/index.php/dashboard/index,317,0,0
1699363659366,283,login-13,200,OK,jp@gc - Ultimate Thread Group 1-3,text,true,,7699,868,4,4,https://opensource-demo.orangehrmlive.com/web/index.php/dashboard/index,283,0,0
1699363659650,633,login-16,200,OK,jp@gc - Ultimate Thread Group 1-3,text,true,,93033,731,4,4,https://opensource-demo.orangehrmlive.com/web/index.php/core/i18n/messages,397,0,0
1699363660284,174,login-17,200,OK,jp@gc - Ultimate Thread Group 1-3,,true,,27385,751,5,5,https://opensource-demo.orangehrmlive.com/web/dist/fonts/nunito-sans-v6-latin-ext_latin-700.woff2,173,0,0
1699363660459,217,login-18,200,OK,jp@gc - Ultimate Thread Group 1-3,,true,,27873,754,5,5,https://opensource-demo.orangehrmlive.com/web/dist/fonts/nunito-sans-v6-latin-ext_latin-italic.woff2,216,0,0
1699363660677,316,login-19,200,OK,jp@gc - Ultimate Thread Group 1-3,text,true,,2243,834,5,5,https://opensource-demo.orangehrmlive.com/web/index.php/api/v2/dashboard/employees/time-at-work?timezoneOffset=3&currentDate=2023-11-07&currentTime=13%3A27,316,0,0
1699363660995,326,login-20,200,OK,jp@gc - Ultimate Thread Group 1-3,text,true,,1242,761,5,5,https://opensource-demo.orangehrmlive.com/web/index.php/api/v2/dashboard/shortcuts,326,0,0
1699363661322,254,login-21,200,OK,jp@gc - Ultimate Thread Group 1-3,text,true,,1282,776,5,5,https://opensource-demo.orangehrmlive.com/web/index.php/api/v2/dashboard/employees/action-summary,253,0,0
1699363661577,339,login-22,200,OK,jp@gc - Ultimate Thread Group 1-3,text,true,,1617,750,5,5,https://opensource-demo.orangehrmlive.com/web/index.php/api/v2/buzz/feed?limit=5&offset=0&sortOrder=DESC&sortField=share.createdAtUtc,339,0,0
1699363661917,263,login-24,200,OK,jp@gc - Ultimate Thread Group 1-3,text,true,,1125,784,5,5,https://opensource-demo.orangehrmlive.com/web/index.php/api/v2/dashboard/employees/leaves?date=2023-05-25,263,0,0
1699363662181,448,login-25,200,OK,jp@gc - Ultimate Thread Group 1-3,text,true,,1061,802,5,5,https://opensource-demo.orangehrmlive.com/web/index.php/events/push,448,0,0
1699363662629,446,login-26,200,OK,jp@gc - Ultimate Thread Group 1-3,text,true,,1219,769,5,5,https://opensource-demo.orangehrmlive.com/web/index.php/api/v2/dashboard/employees/subunit,446,0,0
1699363663076,440,login-27,200,OK,jp@gc - Ultimate Thread Group 1-3,text,true,,1511,771,5,5,https://opensource-demo.orangehrmlive.com/web/index.php/api/v2/dashboard/employees/locations,440,0,0
1699363663517,314,login-29,200,OK,jp@gc - Ultimate Thread Group 1-3,bin,true,,5842,733,5,5,https://opensource-demo.orangehrmlive.com/web/index.php/pim/viewPhoto/empNumber/15,314,0,0
1699363663832,363,login-31,200,OK,jp@gc - Ultimate Thread Group 1-3,bin,true,,17412,732,5,5,https://opensource-demo.orangehrmlive.com/web/index.php/pim/viewPhoto/empNumber/7,362,0,0
1699363664196,399,login-34,200,OK,jp@gc - Ultimate Thread Group 1-3,bin,true,,5842,732,5,5,https://opensource-demo.orangehrmlive.com/web/index.php/pim/viewPhoto/empNumber/2,399,0,0
1699363664596,393,login-33,400,Bad Request,jp@gc - Ultimate Thread Group 1-3,text,false,,331,720,5,5,https://opensource-demo.orangehrmlive.com/web/index.php/buzz/photo/12,393,0,0
1699363664990,508,login-36,200,OK,jp@gc - Ultimate Thread Group 1-3,bin,true,,5842,733,5,5,https://opensource-demo.orangehrmlive.com/web/index.php/pim/viewPhoto/empNumber/22,508,0,0
1699363665498,306,login-35,400,Bad Request,jp@gc - Ultimate Thread Group 1-3,text,false,,331,720,5,5,https://opensource-demo.orangehrmlive.com/web/index.php/buzz/photo/11,306,0,0
1699363657437,9177,login,400,"Number of samples in transaction : 19, number of failing samples : 2",jp@gc - Ultimate Thread Group 1-4,,false,,212375,15847,5,5,null,0,21,0
1699363657437,941,login-11,200,OK,jp@gc - Ultimate Thread Group 1-4,text,true,,9485,2126,4,4,https://opensource-demo.orangehrmlive.com/web/index.php/dashboard/index,618,0,0
1699363657437,618,login-11-0,302,Found,jp@gc - Ultimate Thread Group 1-4,text,true,,1786,1158,4,4,https://opensource-demo.orangehrmlive.com/web/index.php/auth/validate,618,0,0
1699363658056,322,login-11-1,200,OK,jp@gc - Ultimate Thread Group 1-4,text,true,,7699,968,4,4,https://opensource-demo.orangehrmlive.com/web/index.php/dashboard/index,322,0,0
1699363658380,366,login-13,200,OK,jp@gc - Ultimate Thread Group 1-4,text,true,,7699,868,4,4,https://opensource-demo.orangehrmlive.com/web/index.php/dashboard/index,366,0,0
1699363658747,1030,login-16,200,OK,jp@gc - Ultimate Thread Group 1-4,text,true,,93033,731,4,4,https://opensource-demo.orangehrmlive.com/web/index.php/core/i18n/messages,538,0,0
1699363659778,475,login-17,200,OK,jp@gc - Ultimate Thread Group 1-4,,true,,27385,751,4,4,https://opensource-demo.orangehrmlive.com/web/dist/fonts/nunito-sans-v6-latin-ext_latin-700.woff2,475,0,0
1699363660254,321,login-18,200,OK,jp@gc - Ultimate Thread Group 1-4,,true,,27873,754,5,5,https://opensource-demo.orangehrmlive.com/web/dist/fonts/nunito-sans-v6-latin-ext_latin-italic.woff2,320,0,0
1699363660577,481,login-19,200,OK,jp@gc - Ultimate Thread Group 1-4,text,true,,2243,834,5,5,https://opensource-demo.orangehrmlive.com/web/index.php/api/v2/dashboard/employees/time-at-work?timezoneOffset=3&currentDate=2023-11-07&currentTime=13%3A27,481,0,0
1699363661059,432,login-20,200,OK,jp@gc - Ultimate Thread Group 1-4,text,true,,1242,761,5,5,https://opensource-demo.orangehrmlive.com/web/index.php/api/v2/dashboard/shortcuts,432,0,0
1699363661492,424,login-21,200,OK,jp@gc - Ultimate Thread Group 1-4,text,true,,1282,776,5,5,https://opensource-demo.orangehrmlive.com/web/index.php/api/v2/dashboard/employees/action-summary,424,0,0
1699363661917,290,login-22,200,OK,jp@gc - Ultimate Thread Group 1-4,text,true,,1617,750,5,5,https://opensource-demo.orangehrmlive.com/web/index.php/api/v2/buzz/feed?limit=5&offset=0&sortOrder=DESC&sortField=share.createdAtUtc,290,0,0
1699363662208,421,login-24,200,OK,jp@gc - Ultimate Thread Group 1-4,text,true,,1125,784,5,5,https://opensource-demo.orangehrmlive.com/web/index.php/api/v2/dashboard/employees/leaves?date=2023-05-25,421,0,0
1699363662630,409,login-25,200,OK,jp@gc - Ultimate Thread Group 1-4,text,true,,1061,802,5,5,https://opensource-demo.orangehrmlive.com/web/index.php/events/push,409,0,0
1699363663040,402,login-26,200,OK,jp@gc - Ultimate Thread Group 1-4,text,true,,1219,769,5,5,https://opensource-demo.orangehrmlive.com/web/index.php/api/v2/dashboard/employees/subunit,402,0,0
1699363663444,383,login-27,200,OK,jp@gc - Ultimate Thread Group 1-4,text,true,,1511,771,5,5,https://opensource-demo.orangehrmlive.com/web/index.php/api/v2/dashboard/employees/locations,383,0,0
1699363663829,320,login-29,200,OK,jp@gc - Ultimate Thread Group 1-4,bin,true,,5842,733,5,5,https://opensource-demo.orangehrmlive.com/web/index.php/pim/viewPhoto/empNumber/15,320,0,0
1699363664150,649,login-31,200,OK,jp@gc - Ultimate Thread Group 1-4,bin,true,,17412,732,5,5,https://opensource-demo.orangehrmlive.com/web/index.php/pim/viewPhoto/empNumber/7,649,0,0
1699363664800,495,login-34,200,OK,jp@gc - Ultimate Thread Group 1-4,bin,true,,5842,732,5,5,https://opensource-demo.orangehrmlive.com/web/index.php/pim/viewPhoto/empNumber/2,494,0,0
1699363665295,437,login-33,400,Bad Request,jp@gc - Ultimate Thread Group 1-4,text,false,,331,720,5,5,https://opensource-demo.orangehrmlive.com/web/index.php/buzz/photo/12,437,0,0
1699363665732,495,login-36,200,OK,jp@gc - Ultimate Thread Group 1-4,bin,true,,5842,733,5,5,https://opensource-demo.orangehrmlive.com/web/index.php/pim/viewPhoto/empNumber/22,495,0,0
1699363666228,406,login-35,400,Bad Request,jp@gc - Ultimate Thread Group 1-4,text,false,,331,720,5,5,https://opensource-demo.orangehrmlive.com/web/index.php/buzz/photo/11,406,0,0
1699363660589,8509,login,400,"Number of samples in transaction : 19, number of failing samples : 2",jp@gc - Ultimate Thread Group 1-2,,false,,212375,15847,5,5,null,0,18,0
1699363660590,982,login-11,200,OK,jp@gc - Ultimate Thread Group 1-2,text,true,,9485,2126,5,5,https://opensource-demo.orangehrmlive.com/web/index.php/dashboard/index,593,0,0
1699363660590,593,login-11-0,302,Found,jp@gc - Ultimate Thread Group 1-2,text,true,,1786,1158,5,5,https://opensource-demo.orangehrmlive.com/web/index.php/auth/validate,593,0,0
1699363661184,388,login-11-1,200,OK,jp@gc - Ultimate Thread Group 1-2,text,true,,7699,968,5,5,https://opensource-demo.orangehrmlive.com/web/index.php/dashboard/index,388,0,0
1699363661573,343,login-13,200,OK,jp@gc - Ultimate Thread Group 1-2,text,true,,7699,868,5,5,https://opensource-demo.orangehrmlive.com/web/index.php/dashboard/index,343,0,0
1699363661917,938,login-16,200,OK,jp@gc - Ultimate Thread Group 1-2,text,true,,93033,731,5,5,https://opensource-demo.orangehrmlive.com/web/index.php/core/i18n/messages,367,0,0
1699363662856,394,login-17,200,OK,jp@gc - Ultimate Thread Group 1-2,,true,,27385,751,5,5,https://opensource-demo.orangehrmlive.com/web/dist/fonts/nunito-sans-v6-latin-ext_latin-700.woff2,393,0,0
1699363663250,436,login-18,200,OK,jp@gc - Ultimate Thread Group 1-2,,true,,27873,754,5,5,https://opensource-demo.orangehrmlive.com/web/dist/fonts/nunito-sans-v6-latin-ext_latin-italic.woff2,435,0,0
1699363663687,328,login-19,200,OK,jp@gc - Ultimate Thread Group 1-2,text,true,,2243,834,5,5,https://opensource-demo.orangehrmlive.com/web/index.php/api/v2/dashboard/employees/time-at-work?timezoneOffset=3&currentDate=2023-11-07&currentTime=13%3A27,328,0,0
1699363664016,326,login-20,200,OK,jp@gc - Ultimate Thread Group 1-2,text,true,,1242,761,5,5,https://opensource-demo.orangehrmlive.com/web/index.php/api/v2/dashboard/shortcuts,326,0,0
1699363664343,440,login-21,200,OK,jp@gc - Ultimate Thread Group 1-2,text,true,,1282,776,5,5,https://opensource-demo.orangehrmlive.com/web/index.php/api/v2/dashboard/employees/action-summary,440,0,0
1699363664784,510,login-22,200,OK,jp@gc - Ultimate Thread Group 1-2,text,true,,1617,750,5,5,https://opensource-demo.orangehrmlive.com/web/index.php/api/v2/buzz/feed?limit=5&offset=0&sortOrder=DESC&sortField=share.createdAtUtc,510,0,0
1699363665295,409,login-24,200,OK,jp@gc - Ultimate Thread Group 1-2,text,true,,1125,784,5,5,https://opensource-demo.orangehrmlive.com/web/index.php/api/v2/dashboard/employees/leaves?date=2023-05-25,409,0,0
1699363665704,272,login-25,200,OK,jp@gc - Ultimate Thread Group 1-2,text,true,,1061,802,5,5,https://opensource-demo.orangehrmlive.com/web/index.php/events/push,272,0,0
1699363665977,545,login-26,200,OK,jp@gc - Ultimate Thread Group 1-2,text,true,,1219,769,5,5,https://opensource-demo.orangehrmlive.com/web/index.php/api/v2/dashboard/employees/subunit,545,0,0
1699363666523,509,login-27,200,OK,jp@gc - Ultimate Thread Group 1-2,text,true,,1511,771,5,5,https://opensource-demo.orangehrmlive.com/web/index.php/api/v2/dashboard/employees/locations,509,0,0
1699363667033,362,login-29,200,OK,jp@gc - Ultimate Thread Group 1-2,bin,true,,5842,733,5,5,https://opensource-demo.orangehrmlive.com/web/index.php/pim/viewPhoto/empNumber/15,362,0,0
1699363667395,580,login-31,200,OK,jp@gc - Ultimate Thread Group 1-2,bin,true,,17412,732,5,5,https://opensource-demo.orangehrmlive.com/web/index.php/pim/viewPhoto/empNumber/7,580,0,0
1699363667976,223,login-34,200,OK,jp@gc - Ultimate Thread Group 1-2,bin,true,,5842,732,5,5,https://opensource-demo.orangehrmlive.com/web/index.php/pim/viewPhoto/empNumber/2,223,0,0
1699363668200,243,login-33,400,Bad Request,jp@gc - Ultimate Thread Group 1-2,text,false,,331,720,5,5,https://opensource-demo.orangehrmlive.com/web/index.php/buzz/photo/12,243,0,0
1699363668444,303,login-36,200,OK,jp@gc - Ultimate Thread Group 1-2,bin,true,,5842,733,5,5,https://opensource-demo.orangehrmlive.com/web/index.php/pim/viewPhoto/empNumber/22,303,0,0
1699363668748,366,login-35,400,Bad Request,jp@gc - Ultimate Thread Group 1-2,text,false,,331,720,5,5,https://opensource-demo.orangehrmlive.com/web/index.php/buzz/photo/11,366,0,0
1699363662286,7000,click My Info,200,"Number of samples in transaction : 13, number of failing samples : 0",jp@gc - Ultimate Thread Group 1-5,,true,,175889,10898,5,5,null,0,11,0
1699363662287,1116,click My Info-39,200,OK,jp@gc - Ultimate Thread Group 1-5,text,true,,23808,1716,5,5,https://opensource-demo.orangehrmlive.com/web/index.php/pim/viewPersonalDetails/empNumber/7,379,0,0
1699363662287,379,click My Info-39-0,302,Found,jp@gc - Ultimate Thread Group 1-5,text,true,,1784,849,5,5,https://opensource-demo.orangehrmlive.com/web/index.php/pim/viewMyDetails,379,0,0
1699363662666,737,click My Info-39-1,200,OK,jp@gc - Ultimate Thread Group 1-5,text,true,,22024,867,5,5,https://opensource-demo.orangehrmlive.com/web/index.php/pim/viewPersonalDetails/empNumber/7,736,0,0
1699363663404,586,click My Info-42,200,OK,jp@gc - Ultimate Thread Group 1-5,text,true,,22024,867,5,5,https://opensource-demo.orangehrmlive.com/web/index.php/pim/viewPersonalDetails/empNumber/7,585,0,0
1699363663991,1594,click My Info-44,200,OK,jp@gc - Ultimate Thread Group 1-5,text,true,,93041,751,5,5,https://opensource-demo.orangehrmlive.com/web/index.php/core/i18n/messages,590,0,0
1699363665584,288,click My Info-45,200,OK,jp@gc - Ultimate Thread Group 1-5,bin,true,,17412,752,5,5,https://opensource-demo.orangehrmlive.com/web/index.php/pim/viewPhoto/empNumber/7,235,0,0
1699363665872,456,click My Info-48,200,OK,jp@gc - Ultimate Thread Group 1-5,text,true,,1131,728,5,5,https://opensource-demo.orangehrmlive.com/web/index.php/api/v2/leave/workweek?model=indexed,456,0,0
1699363666329,470,click My Info-46,200,OK,jp@gc - Ultimate Thread Group 1-5,text,true,,1204,715,5,5,https://opensource-demo.orangehrmlive.com/web/index.php/api/v2/pim/employees/7,470,0,0
1699363666800,424,click My Info-49,200,OK,jp@gc - Ultimate Thread Group 1-5,text,true,,1236,807,5,5,https://opensource-demo.orangehrmlive.com/web/index.php/api/v2/pim/employees/7/custom-fields?screen=personal,424,0,0
1699363667225,440,click My Info-47,200,OK,jp@gc - Ultimate Thread Group 1-5,text,true,,1497,794,5,5,https://opensource-demo.orangehrmlive.com/web/index.php/api/v2/pim/employees/7/personal-details,440,0,0
1699363667666,348,click My Info-50,200,OK,jp@gc - Ultimate Thread Group 1-5,text,true,,1325,823,5,5,https://opensource-demo.orangehrmlive.com/web/index.php/api/v2/pim/employees/7/screen/personal/attachments?limit=50&offset=0,348,0,0
1699363668015,269,click My Info-52,200,OK,jp@gc - Ultimate Thread Group 1-5,text,true,,2910,752,5,5,https://opensource-demo.orangehrmlive.com/web/index.php/api/v2/leave/holidays?fromDate=2023-01-01&toDate=2023-12-31,269,0,0
1699363668285,259,click My Info-53,200,OK,jp@gc - Ultimate Thread Group 1-5,text,true,,1131,728,5,5,https://opensource-demo.orangehrmlive.com/web/index.php/api/v2/leave/workweek?model=indexed,259,0,0
1699363668545,395,click My Info-54,200,OK,jp@gc - Ultimate Thread Group 1-5,text,true,,6260,713,5,5,https://opensource-demo.orangehrmlive.com/web/index.php/api/v2/pim/employees,394,0,0
1699363668940,355,click My Info-55,200,OK,jp@gc - Ultimate Thread Group 1-5,text,true,,2910,752,5,5,https://opensource-demo.orangehrmlive.com/web/index.php/api/v2/leave/holidays?fromDate=2023-01-01&toDate=2023-12-31,355,0,0
1699363670297,263,Save,200,"Number of samples in transaction : 1, number of failing samples : 0",jp@gc - Ultimate Thread Group 1-5,,true,,1497,1188,5,5,null,0,1,0
1699363670298,263,Save-59,200,OK,jp@gc - Ultimate Thread Group 1-5,text,true,,1497,1188,5,5,https://opensource-demo.orangehrmlive.com/web/index.php/api/v2/pim/employees/7/personal-details,263,0,0
1699363671563,691,Logout,200,"Number of samples in transaction : 2, number of failing samples : 0",jp@gc - Ultimate Thread Group 1-5,,true,,32916,2476,5,5,null,0,1,0
1699363671563,169,Logout-62,200,OK,jp@gc - Ultimate Thread Group 1-5,,true,,26665,751,5,5,https://opensource-demo.orangehrmlive.com/web/dist/fonts/nunito-sans-v6-latin-ext_latin-300.woff2,169,0,0
1699363671733,522,Logout-63,200,OK,jp@gc - Ultimate Thread Group 1-5,text,true,,6251,1725,5,5,https://opensource-demo.orangehrmlive.com/web/index.php/auth/login,221,0,0
1699363671733,221,Logout-63-0,302,Found,jp@gc - Ultimate Thread Group 1-5,text,true,,1761,863,5,5,https://opensource-demo.orangehrmlive.com/web/index.php/auth/logout,221,0,0
1699363671955,300,Logout-63-1,200,OK,jp@gc - Ultimate Thread Group 1-5,text,true,,4490,862,5,5,https://opensource-demo.orangehrmlive.com/web/index.php/auth/login,300,0,0
1699363666808,5437,click My Info,200,"Number of samples in transaction : 13, number of failing samples : 0",jp@gc - Ultimate Thread Group 1-3,,true,,175881,10898,5,5,null,0,10,0
1699363666809,1150,click My Info-39,200,OK,jp@gc - Ultimate Thread Group 1-3,text,true,,23808,1716,5,5,https://opensource-demo.orangehrmlive.com/web/index.php/pim/viewPersonalDetails/empNumber/7,373,0,0
1699363666809,373,click My Info-39-0,302,Found,jp@gc - Ultimate Thread Group 1-3,text,true,,1784,849,5,5,https://opensource-demo.orangehrmlive.com/web/index.php/pim/viewMyDetails,373,0,0
1699363667183,776,click My Info-39-1,200,OK,jp@gc - Ultimate Thread Group 1-3,text,true,,22024,867,5,5,https://opensource-demo.orangehrmlive.com/web/index.php/pim/viewPersonalDetails/empNumber/7,776,0,0
1699363667960,433,click My Info-42,200,OK,jp@gc - Ultimate Thread Group 1-3,text,true,,22024,867,5,5,https://opensource-demo.orangehrmlive.com/web/index.php/pim/viewPersonalDetails/empNumber/7,433,0,0
1699363668394,1116,click My Info-44,200,OK,jp@gc - Ultimate Thread Group 1-3,text,true,,93033,751,5,5,https://opensource-demo.orangehrmlive.com/web/index.php/core/i18n/messages,701,0,0
1699363669510,214,click My Info-45,200,OK,jp@gc - Ultimate Thread Group 1-3,bin,true,,17412,752,5,5,https://opensource-demo.orangehrmlive.com/web/index.php/pim/viewPhoto/empNumber/7,213,0,0
1699363669725,237,click My Info-48,200,OK,jp@gc - Ultimate Thread Group 1-3,text,true,,1131,728,5,5,https://opensource-demo.orangehrmlive.com/web/index.php/api/v2/leave/workweek?model=indexed,237,0,0
1699363669963,247,click My Info-46,200,OK,jp@gc - Ultimate Thread Group 1-3,text,true,,1204,715,5,5,https://opensource-demo.orangehrmlive.com/web/index.php/api/v2/pim/employees/7,247,0,0
1699363670211,247,click My Info-49,200,OK,jp@gc - Ultimate Thread Group 1-3,text,true,,1236,807,5,5,https://opensource-demo.orangehrmlive.com/web/index.php/api/v2/pim/employees/7/custom-fields?screen=personal,247,0,0
1699363670460,239,click My Info-47,200,OK,jp@gc - Ultimate Thread Group 1-3,text,true,,1497,794,5,5,https://opensource-demo.orangehrmlive.com/web/index.php/api/v2/pim/employees/7/personal-details,239,0,0
1699363670699,322,click My Info-50,200,OK,jp@gc - Ultimate Thread Group 1-3,text,true,,1325,823,5,5,https://opensource-demo.orangehrmlive.com/web/index.php/api/v2/pim/employees/7/screen/personal/attachments?limit=50&offset=0,322,0,0
1699363671022,245,click My Info-52,200,OK,jp@gc - Ultimate Thread Group 1-3,text,true,,2910,752,5,5,https://opensource-demo.orangehrmlive.com/web/index.php/api/v2/leave/holidays?fromDate=2023-01-01&toDate=2023-12-31,245,0,0
1699363671268,278,click My Info-53,200,OK,jp@gc - Ultimate Thread Group 1-3,text,true,,1131,728,5,5,https://opensource-demo.orangehrmlive.com/web/index.php/api/v2/leave/workweek?model=indexed,278,0,0
1699363671547,332,click My Info-54,200,OK,jp@gc - Ultimate Thread Group 1-3,text,true,,6260,713,5,5,https://opensource-demo.orangehrmlive.com/web/index.php/api/v2/pim/employees,331,0,0
1699363671879,377,click My Info-55,200,OK,jp@gc - Ultimate Thread Group 1-3,text,true,,2910,752,5,5,https://opensource-demo.orangehrmlive.com/web/index.php/api/v2/leave/holidays?fromDate=2023-01-01&toDate=2023-12-31,377,0,0
1699363667636,5721,click My Info,200,"Number of samples in transaction : 13, number of failing samples : 0",jp@gc - Ultimate Thread Group 1-4,,true,,175881,10898,5,5,null,0,10,0
1699363667636,1019,click My Info-39,200,OK,jp@gc - Ultimate Thread Group 1-4,text,true,,23808,1716,5,5,https://opensource-demo.orangehrmlive.com/web/index.php/pim/viewPersonalDetails/empNumber/7,365,0,0
1699363667636,365,click My Info-39-0,302,Found,jp@gc - Ultimate Thread Group 1-4,text,true,,1784,849,5,5,https://opensource-demo.orangehrmlive.com/web/index.php/pim/viewMyDetails,365,0,0
1699363668001,654,click My Info-39-1,200,OK,jp@gc - Ultimate Thread Group 1-4,text,true,,22024,867,5,5,https://opensource-demo.orangehrmlive.com/web/index.php/pim/viewPersonalDetails/empNumber/7,654,0,0
1699363668656,583,click My Info-42,200,OK,jp@gc - Ultimate Thread Group 1-4,text,true,,22024,867,5,5,https://opensource-demo.orangehrmlive.com/web/index.php/pim/viewPersonalDetails/empNumber/7,416,0,0
1699363669240,639,click My Info-44,200,OK,jp@gc - Ultimate Thread Group 1-4,text,true,,93033,751,5,5,https://opensource-demo.orangehrmlive.com/web/index.php/core/i18n/messages,344,0,0
1699363669880,227,click My Info-45,200,OK,jp@gc - Ultimate Thread Group 1-4,bin,true,,17412,752,5,5,https://opensource-demo.orangehrmlive.com/web/index.php/pim/viewPhoto/empNumber/7,226,0,0
1699363670108,281,click My Info-48,200,OK,jp@gc - Ultimate Thread Group 1-4,text,true,,1131,728,5,5,https://opensource-demo.orangehrmlive.com/web/index.php/api/v2/leave/workweek?model=indexed,281,0,0
1699363670390,268,click My Info-46,200,OK,jp@gc - Ultimate Thread Group 1-4,text,true,,1204,715,5,5,https://opensource-demo.orangehrmlive.com/web/index.php/api/v2/pim/employees/7,268,0,0
1699363670659,362,click My Info-49,200,OK,jp@gc - Ultimate Thread Group 1-4,text,true,,1236,807,5,5,https://opensource-demo.orangehrmlive.com/web/index.php/api/v2/pim/employees/7/custom-fields?screen=personal,362,0,0
1699363671022,457,click My Info-47,200,OK,jp@gc - Ultimate Thread Group 1-4,text,true,,1497,794,5,5,https://opensource-demo.orangehrmlive.com/web/index.php/api/v2/pim/employees/7/personal-details,457,0,0
1699363671480,415,click My Info-50,200,OK,jp@gc - Ultimate Thread Group 1-4,text,true,,1325,823,5,5,https://opensource-demo.orangehrmlive.com/web/index.php/api/v2/pim/employees/7/screen/personal/attachments?limit=50&offset=0,415,0,0
1699363671896,359,click My Info-52,200,OK,jp@gc - Ultimate Thread Group 1-4,text,true,,2910,752,5,5,https://opensource-demo.orangehrmlive.com/web/index.php/api/v2/leave/holidays?fromDate=2023-01-01&toDate=2023-12-31,359,0,0
1699363672256,308,click My Info-53,200,OK,jp@gc - Ultimate Thread Group 1-4,text,true,,1131,728,5,5,https://opensource-demo.orangehrmlive.com/web/index.php/api/v2/leave/workweek?model=indexed,308,0,0
1699363672565,474,click My Info-54,200,OK,jp@gc - Ultimate Thread Group 1-4,text,true,,6260,713,5,5,https://opensource-demo.orangehrmlive.com/web/index.php/api/v2/pim/employees,474,0,0
1699363673039,329,click My Info-55,200,OK,jp@gc - Ultimate Thread Group 1-4,text,true,,2910,752,5,5,https://opensource-demo.orangehrmlive.com/web/index.php/api/v2/leave/holidays?fromDate=2023-01-01&toDate=2023-12-31,329,0,0
1699363673260,325,Save,200,"Number of samples in transaction : 1, number of failing samples : 0",jp@gc - Ultimate Thread Group 1-3,,true,,1497,1188,5,5,null,0,0,0
1699363673260,325,Save-59,200,OK,jp@gc - Ultimate Thread Group 1-3,text,true,,1497,1188,5,5,https://opensource-demo.orangehrmlive.com/web/index.php/api/v2/pim/employees/7/personal-details,325,0,0
1699363664458,9132,login,400,"Number of samples in transaction : 19, number of failing samples : 2",jp@gc - Ultimate Thread Group 1-1,,false,,212375,15847,5,5,null,0,16,0
1699363664459,1409,login-11,200,OK,jp@gc - Ultimate Thread Group 1-1,text,true,,9485,2126,5,5,https://opensource-demo.orangehrmlive.com/web/index.php/dashboard/index,835,0,0
1699363664459,835,login-11-0,302,Found,jp@gc - Ultimate Thread Group 1-1,text,true,,1786,1158,5,5,https://opensource-demo.orangehrmlive.com/web/index.php/auth/validate,835,0,0
1699363665295,573,login-11-1,200,OK,jp@gc - Ultimate Thread Group 1-1,text,true,,7699,968,5,5,https://opensource-demo.orangehrmlive.com/web/index.php/dashboard/index,573,0,0
1699363665868,437,login-13,200,OK,jp@gc - Ultimate Thread Group 1-1,text,true,,7699,868,5,5,https://opensource-demo.orangehrmlive.com/web/index.php/dashboard/index,437,0,0
1699363666306,1920,login-16,200,OK,jp@gc - Ultimate Thread Group 1-1,text,true,,93033,731,5,5,https://opensource-demo.orangehrmlive.com/web/index.php/core/i18n/messages,960,0,0
1699363668227,462,login-17,200,OK,jp@gc - Ultimate Thread Group 1-1,,true,,27385,751,5,5,https://opensource-demo.orangehrmlive.com/web/dist/fonts/nunito-sans-v6-latin-ext_latin-700.woff2,461,0,0
1699363668690,422,login-18,200,OK,jp@gc - Ultimate Thread Group 1-1,,true,,27873,754,5,5,https://opensource-demo.orangehrmlive.com/web/dist/fonts/nunito-sans-v6-latin-ext_latin-italic.woff2,422,0,0
1699363669113,325,login-19,200,OK,jp@gc - Ultimate Thread Group 1-1,text,true,,2243,834,5,5,https://opensource-demo.orangehrmlive.com/web/index.php/api/v2/dashboard/employees/time-at-work?timezoneOffset=3&currentDate=2023-11-07&currentTime=13%3A27,325,0,0
1699363669438,252,login-20,200,OK,jp@gc - Ultimate Thread Group 1-1,text,true,,1242,761,5,5,https://opensource-demo.orangehrmlive.com/web/index.php/api/v2/dashboard/shortcuts,252,0,0
1699363669691,276,login-21,200,OK,jp@gc - Ultimate Thread Group 1-1,text,true,,1282,776,5,5,https://opensource-demo.orangehrmlive.com/web/index.php/api/v2/dashboard/employees/action-summary,276,0,0
1699363669968,293,login-22,200,OK,jp@gc - Ultimate Thread Group 1-1,text,true,,1617,750,5,5,https://opensource-demo.orangehrmlive.com/web/index.php/api/v2/buzz/feed?limit=5&offset=0&sortOrder=DESC&sortField=share.createdAtUtc,293,0,0
1699363670262,268,login-24,200,OK,jp@gc - Ultimate Thread Group 1-1,text,true,,1125,784,5,5,https://opensource-demo.orangehrmlive.com/web/index.php/api/v2/dashboard/employees/leaves?date=2023-05-25,268,0,0
1699363670532,225,login-25,200,OK,jp@gc - Ultimate Thread Group 1-1,text,true,,1061,802,5,5,https://opensource-demo.orangehrmlive.com/web/index.php/events/push,225,0,0
1699363670758,367,login-26,200,OK,jp@gc - Ultimate Thread Group 1-1,text,true,,1219,769,5,5,https://opensource-demo.orangehrmlive.com/web/index.php/api/v2/dashboard/employees/subunit,367,0,0
1699363671126,360,login-27,200,OK,jp@gc - Ultimate Thread Group 1-1,text,true,,1511,771,5,5,https://opensource-demo.orangehrmlive.com/web/index.php/api/v2/dashboard/employees/locations,359,0,0
1699363671486,399,login-29,200,OK,jp@gc - Ultimate Thread Group 1-1,bin,true,,5842,733,5,5,https://opensource-demo.orangehrmlive.com/web/index.php/pim/viewPhoto/empNumber/15,399,0,0
1699363671886,444,login-31,200,OK,jp@gc - Ultimate Thread Group 1-1,bin,true,,17412,732,5,5,https://opensource-demo.orangehrmlive.com/web/index.php/pim/viewPhoto/empNumber/7,444,0,0
1699363672331,297,login-34,200,OK,jp@gc - Ultimate Thread Group 1-1,bin,true,,5842,732,5,5,https://opensource-demo.orangehrmlive.com/web/index.php/pim/viewPhoto/empNumber/2,297,0,0
1699363672629,410,login-33,400,Bad Request,jp@gc - Ultimate Thread Group 1-1,text,false,,331,720,5,5,https://opensource-demo.orangehrmlive.com/web/index.php/buzz/photo/12,410,0,0
1699363673039,304,login-36,200,OK,jp@gc - Ultimate Thread Group 1-1,bin,true,,5842,733,5,5,https://opensource-demo.orangehrmlive.com/web/index.php/pim/viewPhoto/empNumber/22,304,0,0
1699363673344,262,login-35,400,Bad Request,jp@gc - Ultimate Thread Group 1-1,text,false,,331,720,5,5,https://opensource-demo.orangehrmlive.com/web/index.php/buzz/photo/11,262,0,0
1699363674369,296,Save,200,"Number of samples in transaction : 1, number of failing samples : 0",jp@gc - Ultimate Thread Group 1-4,,true,,1497,1188,5,5,null,0,0,0
1699363674369,296,Save-59,200,OK,jp@gc - Ultimate Thread Group 1-4,text,true,,1497,1188,5,5,https://opensource-demo.orangehrmlive.com/web/index.php/api/v2/pim/employees/7/personal-details,296,0,0
1699363670117,4789,click My Info,200,"Number of samples in transaction : 13, number of failing samples : 0",jp@gc - Ultimate Thread Group 1-2,,true,,176009,10898,5,5,null,0,10,0
1699363670118,622,click My Info-39,200,OK,jp@gc - Ultimate Thread Group 1-2,text,true,,23808,1716,5,5,https://opensource-demo.orangehrmlive.com/web/index.php/pim/viewPersonalDetails/empNumber/7,213,0,0
1699363670118,213,click My Info-39-0,302,Found,jp@gc - Ultimate Thread Group 1-2,text,true,,1784,849,5,5,https://opensource-demo.orangehrmlive.com/web/index.php/pim/viewMyDetails,213,0,0
1699363670331,409,click My Info-39-1,200,OK,jp@gc - Ultimate Thread Group 1-2,text,true,,22024,867,5,5,https://opensource-demo.orangehrmlive.com/web/index.php/pim/viewPersonalDetails/empNumber/7,408,0,0
1699363670742,345,click My Info-42,200,OK,jp@gc - Ultimate Thread Group 1-2,text,true,,22024,867,5,5,https://opensource-demo.orangehrmlive.com/web/index.php/pim/viewPersonalDetails/empNumber/7,291,0,0
1699363671088,577,click My Info-44,200,OK,jp@gc - Ultimate Thread Group 1-2,text,true,,93033,751,5,5,https://opensource-demo.orangehrmlive.com/web/index.php/core/i18n/messages,357,0,0
1699363671666,248,click My Info-45,200,OK,jp@gc - Ultimate Thread Group 1-2,bin,true,,17412,752,5,5,https://opensource-demo.orangehrmlive.com/web/index.php/pim/viewPhoto/empNumber/7,247,0,0
1699363671915,340,click My Info-48,200,OK,jp@gc - Ultimate Thread Group 1-2,text,true,,1131,728,5,5,https://opensource-demo.orangehrmlive.com/web/index.php/api/v2/leave/workweek?model=indexed,340,0,0
1699363672256,286,click My Info-46,200,OK,jp@gc - Ultimate Thread Group 1-2,text,true,,1204,715,5,5,https://opensource-demo.orangehrmlive.com/web/index.php/api/v2/pim/employees/7,286,0,0
1699363672543,337,click My Info-49,200,OK,jp@gc - Ultimate Thread Group 1-2,text,true,,1236,807,5,5,https://opensource-demo.orangehrmlive.com/web/index.php/api/v2/pim/employees/7/custom-fields?screen=personal,336,0,0
1699363672880,409,click My Info-47,200,OK,jp@gc - Ultimate Thread Group 1-2,text,true,,1497,794,5,5,https://opensource-demo.orangehrmlive.com/web/index.php/api/v2/pim/employees/7/personal-details,409,0,0
1699363673290,295,click My Info-50,200,OK,jp@gc - Ultimate Thread Group 1-2,text,true,,1325,823,5,5,https://opensource-demo.orangehrmlive.com/web/index.php/api/v2/pim/employees/7/screen/personal/attachments?limit=50&offset=0,295,0,0
1699363673585,308,click My Info-52,200,OK,jp@gc - Ultimate Thread Group 1-2,text,true,,2910,752,5,5,https://opensource-demo.orangehrmlive.com/web/index.php/api/v2/leave/holidays?fromDate=2023-01-01&toDate=2023-12-31,308,0,0
1699363673894,297,click My Info-53,200,OK,jp@gc - Ultimate Thread Group 1-2,text,true,,1131,728,5,5,https://opensource-demo.orangehrmlive.com/web/index.php/api/v2/leave/workweek?model=indexed,297,0,0
1699363674192,423,click My Info-54,200,OK,jp@gc - Ultimate Thread Group 1-2,text,true,,6388,713,5,5,https://opensource-demo.orangehrmlive.com/web/index.php/api/v2/pim/employees,422,0,0
1699363674615,302,click My Info-55,200,OK,jp@gc - Ultimate Thread Group 1-2,text,true,,2910,752,5,5,https://opensource-demo.orangehrmlive.com/web/index.php/api/v2/leave/holidays?fromDate=2023-01-01&toDate=2023-12-31,302,0,0
1699363674585,739,Logout,200,"Number of samples in transaction : 2, number of failing samples : 0",jp@gc - Ultimate Thread Group 1-3,,true,,32923,2476,5,5,null,0,2,0
1699363674586,166,Logout-62,200,OK,jp@gc - Ultimate Thread Group 1-3,,true,,26665,751,5,5,https://opensource-demo.orangehrmlive.com/web/dist/fonts/nunito-sans-v6-latin-ext_latin-300.woff2,166,0,0
1699363674753,573,Logout-63,200,OK,jp@gc - Ultimate Thread Group 1-3,text,true,,6258,1725,5,5,https://opensource-demo.orangehrmlive.com/web/index.php/auth/login,274,0,0
1699363674753,274,Logout-63-0,302,Found,jp@gc - Ultimate Thread Group 1-3,text,true,,1761,863,5,5,https://opensource-demo.orangehrmlive.com/web/index.php/auth/logout,274,0,0
1699363675028,298,Logout-63-1,200,OK,jp@gc - Ultimate Thread Group 1-3,text,true,,4497,862,5,5,https://opensource-demo.orangehrmlive.com/web/index.php/auth/login,298,0,0
1699363675918,350,Save,200,"Number of samples in transaction : 1, number of failing samples : 0",jp@gc - Ultimate Thread Group 1-2,,true,,1497,1188,5,5,null,0,1,0
1699363675919,350,Save-59,200,OK,jp@gc - Ultimate Thread Group 1-2,text,true,,1497,1188,5,5,https://opensource-demo.orangehrmlive.com/web/index.php/api/v2/pim/employees/7/personal-details,350,0,0
1699363675666,758,Logout,200,"Number of samples in transaction : 2, number of failing samples : 0",jp@gc - Ultimate Thread Group 1-4,,true,,32911,2476,5,5,null,0,1,0
1699363675666,268,Logout-62,200,OK,jp@gc - Ultimate Thread Group 1-4,,true,,26665,751,5,5,https://opensource-demo.orangehrmlive.com/web/dist/fonts/nunito-sans-v6-latin-ext_latin-300.woff2,267,0,0
1699363675935,490,Logout-63,200,OK,jp@gc - Ultimate Thread Group 1-4,text,true,,6246,1725,5,5,https://opensource-demo.orangehrmlive.com/web/index.php/auth/login,202,0,0
1699363675935,202,Logout-63-0,302,Found,jp@gc - Ultimate Thread Group 1-4,text,true,,1761,863,5,5,https://opensource-demo.orangehrmlive.com/web/index.php/auth/logout,202,0,0
1699363676137,288,Logout-63-1,200,OK,jp@gc - Ultimate Thread Group 1-4,text,true,,4485,862,5,5,https://opensource-demo.orangehrmlive.com/web/index.php/auth/login,288,0,0
1699363677270,720,Logout,200,"Number of samples in transaction : 2, number of failing samples : 0",jp@gc - Ultimate Thread Group 1-2,,true,,32919,2476,5,5,null,0,2,0
1699363677270,214,Logout-62,200,OK,jp@gc - Ultimate Thread Group 1-2,,true,,26665,751,5,5,https://opensource-demo.orangehrmlive.com/web/dist/fonts/nunito-sans-v6-latin-ext_latin-300.woff2,213,0,0
1699363677485,506,Logout-63,200,OK,jp@gc - Ultimate Thread Group 1-2,text,true,,6254,1725,5,5,https://opensource-demo.orangehrmlive.com/web/index.php/auth/login,202,0,0
1699363677485,202,Logout-63-0,302,Found,jp@gc - Ultimate Thread Group 1-2,text,true,,1761,863,5,5,https://opensource-demo.orangehrmlive.com/web/index.php/auth/logout,202,0,0
1699363677688,303,Logout-63-1,200,OK,jp@gc - Ultimate Thread Group 1-2,text,true,,4493,862,5,5,https://opensource-demo.orangehrmlive.com/web/index.php/auth/login,303,0,0
1699363677259,1195,open Web Page,200,"Number of samples in transaction : 2, number of failing samples : 0",jp@gc - Ultimate Thread Group 1-5,,true,,97535,1547,5,5,null,0,5,232
1699363677263,479,open Web Page-9,200,OK,jp@gc - Ultimate Thread Group 1-5,text,true,,4502,821,5,5,https://opensource-demo.orangehrmlive.com/web/index.php/auth/login,479,0,232
1699363677743,716,open Web Page-10,200,OK,jp@gc - Ultimate Thread Group 1-5,text,true,,93033,726,5,5,https://opensource-demo.orangehrmlive.com/web/index.php/core/i18n/messages,385,0,0
1699363674608,5542,click My Info,200,"Number of samples in transaction : 13, number of failing samples : 0",jp@gc - Ultimate Thread Group 1-1,,true,,176120,10898,5,5,null,0,8,0
1699363674609,1027,click My Info-39,200,OK,jp@gc - Ultimate Thread Group 1-1,text,true,,23808,1716,5,5,https://opensource-demo.orangehrmlive.com/web/index.php/pim/viewPersonalDetails/empNumber/7,336,0,0
1699363674609,336,click My Info-39-0,302,Found,jp@gc - Ultimate Thread Group 1-1,text,true,,1784,849,5,5,https://opensource-demo.orangehrmlive.com/web/index.php/pim/viewMyDetails,336,0,0
1699363674946,690,click My Info-39-1,200,OK,jp@gc - Ultimate Thread Group 1-1,text,true,,22024,867,5,5,https://opensource-demo.orangehrmlive.com/web/index.php/pim/viewPersonalDetails/empNumber/7,690,0,0
1699363675637,418,click My Info-42,200,OK,jp@gc - Ultimate Thread Group 1-1,text,true,,22024,867,5,5,https://opensource-demo.orangehrmlive.com/web/index.php/pim/viewPersonalDetails/empNumber/7,418,0,0
1699363676056,699,click My Info-44,200,OK,jp@gc - Ultimate Thread Group 1-1,text,true,,93033,751,5,5,https://opensource-demo.orangehrmlive.com/web/index.php/core/i18n/messages,394,0,0
1699363676755,314,click My Info-45,200,OK,jp@gc - Ultimate Thread Group 1-1,bin,true,,17412,752,5,5,https://opensource-demo.orangehrmlive.com/web/index.php/pim/viewPhoto/empNumber/7,314,0,0
1699363677070,275,click My Info-48,200,OK,jp@gc - Ultimate Thread Group 1-1,text,true,,1131,728,5,5,https://opensource-demo.orangehrmlive.com/web/index.php/api/v2/leave/workweek?model=indexed,275,0,0
1699363677346,305,click My Info-46,200,OK,jp@gc - Ultimate Thread Group 1-1,text,true,,1204,715,5,5,https://opensource-demo.orangehrmlive.com/web/index.php/api/v2/pim/employees/7,305,0,0
1699363677651,339,click My Info-49,200,OK,jp@gc - Ultimate Thread Group 1-1,text,true,,1236,807,5,5,https://opensource-demo.orangehrmlive.com/web/index.php/api/v2/pim/employees/7/custom-fields?screen=personal,339,0,0
1699363677990,299,click My Info-47,200,OK,jp@gc - Ultimate Thread Group 1-1,text,true,,1497,794,5,5,https://opensource-demo.orangehrmlive.com/web/index.php/api/v2/pim/employees/7/personal-details,299,0,0
1699363678290,725,click My Info-50,200,OK,jp@gc - Ultimate Thread Group 1-1,text,true,,1325,823,5,5,https://opensource-demo.orangehrmlive.com/web/index.php/api/v2/pim/employees/7/screen/personal/attachments?limit=50&offset=0,725,0,0
1699363679016,312,click My Info-52,200,OK,jp@gc - Ultimate Thread Group 1-1,text,true,,2910,752,5,5,https://opensource-demo.orangehrmlive.com/web/index.php/api/v2/leave/holidays?fromDate=2023-01-01&toDate=2023-12-31,312,0,0
1699363679328,275,click My Info-53,200,OK,jp@gc - Ultimate Thread Group 1-1,text,true,,1131,728,5,5,https://opensource-demo.orangehrmlive.com/web/index.php/api/v2/leave/workweek?model=indexed,275,0,0
1699363679603,332,click My Info-54,200,OK,jp@gc - Ultimate Thread Group 1-1,text,true,,6499,713,5,5,https://opensource-demo.orangehrmlive.com/web/index.php/api/v2/pim/employees,332,0,0
1699363679936,222,click My Info-55,200,OK,jp@gc - Ultimate Thread Group 1-1,text,true,,2910,752,5,5,https://opensource-demo.orangehrmlive.com/web/index.php/api/v2/leave/holidays?fromDate=2023-01-01&toDate=2023-12-31,222,0,0
1699363681159,243,Save,200,"Number of samples in transaction : 1, number of failing samples : 0",jp@gc - Ultimate Thread Group 1-1,,true,,1497,1188,5,5,null,0,0,0
1699363681159,243,Save-59,200,OK,jp@gc - Ultimate Thread Group 1-1,text,true,,1497,1188,5,5,https://opensource-demo.orangehrmlive.com/web/index.php/api/v2/pim/employees/7/personal-details,243,0,0
1699363680328,1111,open Web Page,200,"Number of samples in transaction : 2, number of failing samples : 0",jp@gc - Ultimate Thread Group 1-3,,true,,97524,1547,5,5,null,0,4,204
1699363680330,536,open Web Page-9,200,OK,jp@gc - Ultimate Thread Group 1-3,text,true,,4491,821,5,5,https://opensource-demo.orangehrmlive.com/web/index.php/auth/login,536,0,204
1699363680867,575,open Web Page-10,200,OK,jp@gc - Ultimate Thread Group 1-3,text,true,,93033,726,5,5,https://opensource-demo.orangehrmlive.com/web/index.php/core/i18n/messages,330,0,0
1699363681427,1032,open Web Page,200,"Number of samples in transaction : 2, number of failing samples : 0",jp@gc - Ultimate Thread Group 1-4,,true,,97532,1547,5,5,null,0,4,215
1699363681429,444,open Web Page-9,200,OK,jp@gc - Ultimate Thread Group 1-4,text,true,,4491,821,5,5,https://opensource-demo.orangehrmlive.com/web/index.php/auth/login,443,0,215
1699363681874,588,open Web Page-10,200,OK,jp@gc - Ultimate Thread Group 1-4,text,true,,93041,726,5,5,https://opensource-demo.orangehrmlive.com/web/index.php/core/i18n/messages,337,0,0
1699363682403,666,Logout,200,"Number of samples in transaction : 2, number of failing samples : 0",jp@gc - Ultimate Thread Group 1-1,,true,,32924,2476,5,5,null,0,1,0
1699363682403,195,Logout-62,200,OK,jp@gc - Ultimate Thread Group 1-1,,true,,26665,751,5,5,https://opensource-demo.orangehrmlive.com/web/dist/fonts/nunito-sans-v6-latin-ext_latin-300.woff2,195,0,0
1699363682599,471,Logout-63,200,OK,jp@gc - Ultimate Thread Group 1-1,text,true,,6259,1725,5,5,https://opensource-demo.orangehrmlive.com/web/index.php/auth/login,220,0,0
1699363682599,220,Logout-63-0,302,Found,jp@gc - Ultimate Thread Group 1-1,text,true,,1761,863,5,5,https://opensource-demo.orangehrmlive.com/web/index.php/auth/logout,220,0,0
1699363682819,251,Logout-63-1,200,OK,jp@gc - Ultimate Thread Group 1-1,text,true,,4498,862,5,5,https://opensource-demo.orangehrmlive.com/web/index.php/auth/login,251,0,0
1699363682994,1212,open Web Page,200,"Number of samples in transaction : 2, number of failing samples : 0",jp@gc - Ultimate Thread Group 1-2,,true,,97529,1547,5,5,null,0,4,213
1699363682997,555,open Web Page-9,200,OK,jp@gc - Ultimate Thread Group 1-2,text,true,,4488,821,5,5,https://opensource-demo.orangehrmlive.com/web/index.php/auth/login,555,0,213
1699363683553,657,open Web Page-10,200,OK,jp@gc - Ultimate Thread Group 1-2,text,true,,93041,726,5,5,https://opensource-demo.orangehrmlive.com/web/index.php/core/i18n/messages,361,0,0
1699363679459,5329,login,400,"Number of samples in transaction : 19, number of failing samples : 2",jp@gc - Ultimate Thread Group 1-5,,false,,212429,15846,5,5,null,0,15,0
1699363679462,765,login-11,200,OK,jp@gc - Ultimate Thread Group 1-5,text,true,,9485,2125,5,5,https://opensource-demo.orangehrmlive.com/web/index.php/dashboard/index,496,0,0
1699363679462,496,login-11-0,302,Found,jp@gc - Ultimate Thread Group 1-5,text,true,,1786,1157,5,5,https://opensource-demo.orangehrmlive.com/web/index.php/auth/validate,496,0,0
1699363679959,268,login-11-1,200,OK,jp@gc - Ultimate Thread Group 1-5,text,true,,7699,968,5,5,https://opensource-demo.orangehrmlive.com/web/index.php/dashboard/index,268,0,0
1699363680227,263,login-13,200,OK,jp@gc - Ultimate Thread Group 1-5,text,true,,7699,868,5,5,https://opensource-demo.orangehrmlive.com/web/index.php/dashboard/index,263,0,0
1699363680490,683,login-16,200,OK,jp@gc - Ultimate Thread Group 1-5,text,true,,93033,731,5,5,https://opensource-demo.orangehrmlive.com/web/index.php/core/i18n/messages,500,0,0
1699363681174,130,login-17,200,OK,jp@gc - Ultimate Thread Group 1-5,,true,,27385,751,5,5,https://opensource-demo.orangehrmlive.com/web/dist/fonts/nunito-sans-v6-latin-ext_latin-700.woff2,129,0,0
1699363681305,128,login-18,200,OK,jp@gc - Ultimate Thread Group 1-5,,true,,27873,754,5,5,https://opensource-demo.orangehrmlive.com/web/dist/fonts/nunito-sans-v6-latin-ext_latin-italic.woff2,127,0,0
1699363681434,237,login-19,200,OK,jp@gc - Ultimate Thread Group 1-5,text,true,,2243,834,5,5,https://opensource-demo.orangehrmlive.com/web/index.php/api/v2/dashboard/employees/time-at-work?timezoneOffset=3&currentDate=2023-11-07&currentTime=13%3A27,237,0,0
1699363681672,220,login-20,200,OK,jp@gc - Ultimate Thread Group 1-5,text,true,,1242,761,5,5,https://opensource-demo.orangehrmlive.com/web/index.php/api/v2/dashboard/shortcuts,220,0,0
1699363681892,228,login-21,200,OK,jp@gc - Ultimate Thread Group 1-5,text,true,,1282,776,5,5,https://opensource-demo.orangehrmlive.com/web/index.php/api/v2/dashboard/employees/action-summary,228,0,0
1699363682120,209,login-22,200,OK,jp@gc - Ultimate Thread Group 1-5,text,true,,1617,750,5,5,https://opensource-demo.orangehrmlive.com/web/index.php/api/v2/buzz/feed?limit=5&offset=0&sortOrder=DESC&sortField=share.createdAtUtc,209,0,0
1699363682330,223,login-24,200,OK,jp@gc - Ultimate Thread Group 1-5,text,true,,1125,784,5,5,https://opensource-demo.orangehrmlive.com/web/index.php/api/v2/dashboard/employees/leaves?date=2023-05-25,223,0,0
1699363682554,203,login-25,200,OK,jp@gc - Ultimate Thread Group 1-5,text,true,,1061,802,5,5,https://opensource-demo.orangehrmlive.com/web/index.php/events/push,203,0,0
1699363682757,273,login-26,200,OK,jp@gc - Ultimate Thread Group 1-5,text,true,,1219,769,5,5,https://opensource-demo.orangehrmlive.com/web/index.php/api/v2/dashboard/employees/subunit,273,0,0
1699363683031,256,login-27,200,OK,jp@gc - Ultimate Thread Group 1-5,text,true,,1565,771,5,5,https://opensource-demo.orangehrmlive.com/web/index.php/api/v2/dashboard/employees/locations,256,0,0
1699363683288,228,login-29,200,OK,jp@gc - Ultimate Thread Group 1-5,bin,true,,5842,733,5,5,https://opensource-demo.orangehrmlive.com/web/index.php/pim/viewPhoto/empNumber/15,228,0,0
1699363683517,301,login-31,200,OK,jp@gc - Ultimate Thread Group 1-5,bin,true,,17412,732,5,5,https://opensource-demo.orangehrmlive.com/web/index.php/pim/viewPhoto/empNumber/7,301,0,0
1699363683818,338,login-34,200,OK,jp@gc - Ultimate Thread Group 1-5,bin,true,,5842,732,5,5,https://opensource-demo.orangehrmlive.com/web/index.php/pim/viewPhoto/empNumber/2,338,0,0
1699363684157,217,login-33,400,Bad Request,jp@gc - Ultimate Thread Group 1-5,text,false,,331,720,5,5,https://opensource-demo.orangehrmlive.com/web/index.php/buzz/photo/12,217,0,0
1699363684375,226,login-36,200,OK,jp@gc - Ultimate Thread Group 1-5,bin,true,,5842,733,5,5,https://opensource-demo.orangehrmlive.com/web/index.php/pim/viewPhoto/empNumber/22,226,0,0
1699363684602,201,login-35,400,Bad Request,jp@gc - Ultimate Thread Group 1-5,text,false,,331,720,5,5,https://opensource-demo.orangehrmlive.com/web/index.php/buzz/photo/11,201,0,0
1699363682443,5625,login,400,"Number of samples in transaction : 19, number of failing samples : 2",jp@gc - Ultimate Thread Group 1-3,,false,,212481,15835,5,5,null,0,10,0
1699363682445,933,login-11,200,OK,jp@gc - Ultimate Thread Group 1-3,text,true,,9485,2114,5,5,https://opensource-demo.orangehrmlive.com/web/index.php/dashboard/index,572,0,0
1699363682445,572,login-11-0,302,Found,jp@gc - Ultimate Thread Group 1-3,text,true,,1786,1146,5,5,https://opensource-demo.orangehrmlive.com/web/index.php/auth/validate,572,0,0
1699363683018,360,login-11-1,200,OK,jp@gc - Ultimate Thread Group 1-3,text,true,,7699,968,5,5,https://opensource-demo.orangehrmlive.com/web/index.php/dashboard/index,360,0,0
1699363683378,281,login-13,200,OK,jp@gc - Ultimate Thread Group 1-3,text,true,,7699,868,5,5,https://opensource-demo.orangehrmlive.com/web/index.php/dashboard/index,281,0,0
1699363683660,601,login-16,200,OK,jp@gc - Ultimate Thread Group 1-3,text,true,,93033,731,5,5,https://opensource-demo.orangehrmlive.com/web/index.php/core/i18n/messages,405,0,0
1699363684262,134,login-17,200,OK,jp@gc - Ultimate Thread Group 1-3,,true,,27385,751,5,5,https://opensource-demo.orangehrmlive.com/web/dist/fonts/nunito-sans-v6-latin-ext_latin-700.woff2,133,0,0
1699363684396,131,login-18,200,OK,jp@gc - Ultimate Thread Group 1-3,,true,,27873,754,5,5,https://opensource-demo.orangehrmlive.com/web/dist/fonts/nunito-sans-v6-latin-ext_latin-italic.woff2,130,0,0
1699363684527,269,login-19,200,OK,jp@gc - Ultimate Thread Group 1-3,text,true,,2243,834,5,5,https://opensource-demo.orangehrmlive.com/web/index.php/api/v2/dashboard/employees/time-at-work?timezoneOffset=3&currentDate=2023-11-07&currentTime=13%3A27,269,0,0
1699363684797,220,login-20,200,OK,jp@gc - Ultimate Thread Group 1-3,text,true,,1242,761,5,5,https://opensource-demo.orangehrmlive.com/web/index.php/api/v2/dashboard/shortcuts,220,0,0
1699363685018,244,login-21,200,OK,jp@gc - Ultimate Thread Group 1-3,text,true,,1282,776,5,5,https://opensource-demo.orangehrmlive.com/web/index.php/api/v2/dashboard/employees/action-summary,244,0,0
1699363685263,236,login-22,200,OK,jp@gc - Ultimate Thread Group 1-3,text,true,,1617,750,5,5,https://opensource-demo.orangehrmlive.com/web/index.php/api/v2/buzz/feed?limit=5&offset=0&sortOrder=DESC&sortField=share.createdAtUtc,236,0,0
1699363685500,314,login-24,200,OK,jp@gc - Ultimate Thread Group 1-3,text,true,,1125,784,5,5,https://opensource-demo.orangehrmlive.com/web/index.php/api/v2/dashboard/employees/leaves?date=2023-05-25,314,0,0
1699363685814,264,login-25,200,OK,jp@gc - Ultimate Thread Group 1-3,text,true,,1061,802,5,5,https://opensource-demo.orangehrmlive.com/web/index.php/events/push,264,0,0
1699363686079,305,login-26,200,OK,jp@gc - Ultimate Thread Group 1-3,text,true,,1219,769,5,5,https://opensource-demo.orangehrmlive.com/web/index.php/api/v2/dashboard/employees/subunit,305,0,0
1699363686384,294,login-27,200,OK,jp@gc - Ultimate Thread Group 1-3,text,true,,1617,771,5,5,https://opensource-demo.orangehrmlive.com/web/index.php/api/v2/dashboard/employees/locations,294,0,0
1699363686678,220,login-29,200,OK,jp@gc - Ultimate Thread Group 1-3,bin,true,,5842,733,5,5,https://opensource-demo.orangehrmlive.com/web/index.php/pim/viewPhoto/empNumber/15,220,0,0
1699363686899,349,login-31,200,OK,jp@gc - Ultimate Thread Group 1-3,bin,true,,17412,732,5,5,https://opensource-demo.orangehrmlive.com/web/index.php/pim/viewPhoto/empNumber/7,349,0,0
1699363687248,224,login-34,200,OK,jp@gc - Ultimate Thread Group 1-3,bin,true,,5842,732,5,5,https://opensource-demo.orangehrmlive.com/web/index.php/pim/viewPhoto/empNumber/2,224,0,0
1699363687473,207,login-33,400,Bad Request,jp@gc - Ultimate Thread Group 1-3,text,false,,331,720,5,5,https://opensource-demo.orangehrmlive.com/web/index.php/buzz/photo/12,207,0,0
1699363687680,205,login-36,200,OK,jp@gc - Ultimate Thread Group 1-3,bin,true,,5842,733,5,5,https://opensource-demo.orangehrmlive.com/web/index.php/pim/viewPhoto/empNumber/22,205,0,0
1699363687885,194,login-35,400,Bad Request,jp@gc - Ultimate Thread Group 1-3,text,false,,331,720,5,5,https://opensource-demo.orangehrmlive.com/web/index.php/buzz/photo/11,194,0,0
1699363683463,5620,login,400,"Number of samples in transaction : 19, number of failing samples : 2",jp@gc - Ultimate Thread Group 1-4,,false,,212489,15835,5,5,null,0,13,0
1699363683466,908,login-11,200,OK,jp@gc - Ultimate Thread Group 1-4,text,true,,9485,2114,5,5,https://opensource-demo.orangehrmlive.com/web/index.php/dashboard/index,612,0,0
1699363683466,612,login-11-0,302,Found,jp@gc - Ultimate Thread Group 1-4,text,true,,1786,1146,5,5,https://opensource-demo.orangehrmlive.com/web/index.php/auth/validate,612,0,0
1699363684080,294,login-11-1,200,OK,jp@gc - Ultimate Thread Group 1-4,text,true,,7699,968,5,5,https://opensource-demo.orangehrmlive.com/web/index.php/dashboard/index,294,0,0
1699363684375,277,login-13,200,OK,jp@gc - Ultimate Thread Group 1-4,text,true,,7699,868,5,5,https://opensource-demo.orangehrmlive.com/web/index.php/dashboard/index,277,0,0
1699363684652,525,login-16,200,OK,jp@gc - Ultimate Thread Group 1-4,text,true,,93041,731,5,5,https://opensource-demo.orangehrmlive.com/web/index.php/core/i18n/messages,333,0,0
1699363685177,149,login-17,200,OK,jp@gc - Ultimate Thread Group 1-4,,true,,27385,751,5,5,https://opensource-demo.orangehrmlive.com/web/dist/fonts/nunito-sans-v6-latin-ext_latin-700.woff2,148,0,0
1699363685327,161,login-18,200,OK,jp@gc - Ultimate Thread Group 1-4,,true,,27873,754,5,5,https://opensource-demo.orangehrmlive.com/web/dist/fonts/nunito-sans-v6-latin-ext_latin-italic.woff2,159,0,0
1699363685489,357,login-19,200,OK,jp@gc - Ultimate Thread Group 1-4,text,true,,2243,834,5,5,https://opensource-demo.orangehrmlive.com/web/index.php/api/v2/dashboard/employees/time-at-work?timezoneOffset=3&currentDate=2023-11-07&currentTime=13%3A27,357,0,0
1699363685847,317,login-20,200,OK,jp@gc - Ultimate Thread Group 1-4,text,true,,1242,761,5,5,https://opensource-demo.orangehrmlive.com/web/index.php/api/v2/dashboard/shortcuts,317,0,0
1699363686165,326,login-21,200,OK,jp@gc - Ultimate Thread Group 1-4,text,true,,1282,776,5,5,https://opensource-demo.orangehrmlive.com/web/index.php/api/v2/dashboard/employees/action-summary,326,0,0
1699363686492,281,login-22,200,OK,jp@gc - Ultimate Thread Group 1-4,text,true,,1617,750,5,5,https://opensource-demo.orangehrmlive.com/web/index.php/api/v2/buzz/feed?limit=5&offset=0&sortOrder=DESC&sortField=share.createdAtUtc,281,0,0
1699363686773,293,login-24,200,OK,jp@gc - Ultimate Thread Group 1-4,text,true,,1125,784,5,5,https://opensource-demo.orangehrmlive.com/web/index.php/api/v2/dashboard/employees/leaves?date=2023-05-25,293,0,0
1699363687067,240,login-25,200,OK,jp@gc - Ultimate Thread Group 1-4,text,true,,1061,802,5,5,https://opensource-demo.orangehrmlive.com/web/index.php/events/push,240,0,0
1699363687307,262,login-26,200,OK,jp@gc - Ultimate Thread Group 1-4,text,true,,1219,769,5,5,https://opensource-demo.orangehrmlive.com/web/index.php/api/v2/dashboard/employees/subunit,262,0,0
1699363687569,230,login-27,200,OK,jp@gc - Ultimate Thread Group 1-4,text,true,,1617,771,5,5,https://opensource-demo.orangehrmlive.com/web/index.php/api/v2/dashboard/employees/locations,230,0,0
1699363687799,203,login-29,200,OK,jp@gc - Ultimate Thread Group 1-4,bin,true,,5842,733,5,5,https://opensource-demo.orangehrmlive.com/web/index.php/pim/viewPhoto/empNumber/15,203,0,0
1699363688003,268,login-31,200,OK,jp@gc - Ultimate Thread Group 1-4,bin,true,,17412,732,5,5,https://opensource-demo.orangehrmlive.com/web/index.php/pim/viewPhoto/empNumber/7,268,0,0
1699363688272,204,login-34,200,OK,jp@gc - Ultimate Thread Group 1-4,bin,true,,5842,732,5,5,https://opensource-demo.orangehrmlive.com/web/index.php/pim/viewPhoto/empNumber/2,204,0,0
1699363688476,199,login-33,400,Bad Request,jp@gc - Ultimate Thread Group 1-4,text,false,,331,720,5,5,https://opensource-demo.orangehrmlive.com/web/index.php/buzz/photo/12,199,0,0
1699363688676,222,login-36,200,OK,jp@gc - Ultimate Thread Group 1-4,bin,true,,5842,733,5,5,https://opensource-demo.orangehrmlive.com/web/index.php/pim/viewPhoto/empNumber/22,222,0,0
1699363688899,198,login-35,400,Bad Request,jp@gc - Ultimate Thread Group 1-4,text,false,,331,720,5,5,https://opensource-demo.orangehrmlive.com/web/index.php/buzz/photo/11,198,0,0
1699363688072,1502,open Web Page,200,"Number of samples in transaction : 2, number of failing samples : 0",jp@gc - Ultimate Thread Group 1-1,,true,,97528,1547,5,5,null,0,3,205
1699363688074,533,open Web Page-9,200,OK,jp@gc - Ultimate Thread Group 1-1,text,true,,4487,821,5,5,https://opensource-demo.orangehrmlive.com/web/index.php/auth/login,533,0,205
1699363688608,969,open Web Page-10,200,OK,jp@gc - Ultimate Thread Group 1-1,text,true,,93041,726,5,5,https://opensource-demo.orangehrmlive.com/web/index.php/core/i18n/messages,348,0,0
1699363685806,4258,click My Info,200,"Number of samples in transaction : 13, number of failing samples : 0",jp@gc - Ultimate Thread Group 1-5,,true,,176478,10898,5,5,null,0,9,0
1699363685806,706,click My Info-39,200,OK,jp@gc - Ultimate Thread Group 1-5,text,true,,23808,1716,5,5,https://opensource-demo.orangehrmlive.com/web/index.php/pim/viewPersonalDetails/empNumber/7,277,0,0
1699363685806,277,click My Info-39-0,302,Found,jp@gc - Ultimate Thread Group 1-5,text,true,,1784,849,5,5,https://opensource-demo.orangehrmlive.com/web/index.php/pim/viewMyDetails,277,0,0
1699363686084,428,click My Info-39-1,200,OK,jp@gc - Ultimate Thread Group 1-5,text,true,,22024,867,5,5,https://opensource-demo.orangehrmlive.com/web/index.php/pim/viewPersonalDetails/empNumber/7,427,0,0
1699363686513,539,click My Info-42,200,OK,jp@gc - Ultimate Thread Group 1-5,text,true,,22024,867,5,5,https://opensource-demo.orangehrmlive.com/web/index.php/pim/viewPersonalDetails/empNumber/7,538,0,0
1699363687053,522,click My Info-44,200,OK,jp@gc - Ultimate Thread Group 1-5,text,true,,93033,751,5,5,https://opensource-demo.orangehrmlive.com/web/index.php/core/i18n/messages,349,0,0
1699363687575,255,click My Info-45,200,OK,jp@gc - Ultimate Thread Group 1-5,bin,true,,17412,752,5,5,https://opensource-demo.orangehrmlive.com/web/index.php/pim/viewPhoto/empNumber/7,255,0,0
1699363687831,220,click My Info-48,200,OK,jp@gc - Ultimate Thread Group 1-5,text,true,,1131,728,5,5,https://opensource-demo.orangehrmlive.com/web/index.php/api/v2/leave/workweek?model=indexed,220,0,0
1699363688052,228,click My Info-46,200,OK,jp@gc - Ultimate Thread Group 1-5,text,true,,1204,715,5,5,https://opensource-demo.orangehrmlive.com/web/index.php/api/v2/pim/employees/7,228,0,0
1699363688280,232,click My Info-49,200,OK,jp@gc - Ultimate Thread Group 1-5,text,true,,1236,807,5,5,https://opensource-demo.orangehrmlive.com/web/index.php/api/v2/pim/employees/7/custom-fields?screen=personal,232,0,0
1699363688513,240,click My Info-47,200,OK,jp@gc - Ultimate Thread Group 1-5,text,true,,1497,794,5,5,https://opensource-demo.orangehrmlive.com/web/index.php/api/v2/pim/employees/7/personal-details,240,0,0
1699363688754,246,click My Info-50,200,OK,jp@gc - Ultimate Thread Group 1-5,text,true,,1325,823,5,5,https://opensource-demo.orangehrmlive.com/web/index.php/api/v2/pim/employees/7/screen/personal/attachments?limit=50&offset=0,245,0,0
1699363689000,238,click My Info-52,200,OK,jp@gc - Ultimate Thread Group 1-5,text,true,,2910,752,5,5,https://opensource-demo.orangehrmlive.com/web/index.php/api/v2/leave/holidays?fromDate=2023-01-01&toDate=2023-12-31,238,0,0
1699363689239,250,click My Info-53,200,OK,jp@gc - Ultimate Thread Group 1-5,text,true,,1131,728,5,5,https://opensource-demo.orangehrmlive.com/web/index.php/api/v2/leave/workweek?model=indexed,250,0,0
1699363689490,354,click My Info-54,200,OK,jp@gc - Ultimate Thread Group 1-5,text,true,,6857,713,5,5,https://opensource-demo.orangehrmlive.com/web/index.php/api/v2/pim/employees,354,0,0
1699363689845,228,click My Info-55,200,OK,jp@gc - Ultimate Thread Group 1-5,text,true,,2910,752,5,5,https://opensource-demo.orangehrmlive.com/web/index.php/api/v2/leave/holidays?fromDate=2023-01-01&toDate=2023-12-31,228,0,0
1699363685211,5605,login,400,"Number of samples in transaction : 19, number of failing samples : 2",jp@gc - Ultimate Thread Group 1-2,,false,,212481,15832,5,5,null,0,16,0
1699363685213,905,login-11,200,OK,jp@gc - Ultimate Thread Group 1-2,text,true,,9485,2111,5,5,https://opensource-demo.orangehrmlive.com/web/index.php/dashboard/index,600,0,0
1699363685213,600,login-11-0,302,Found,jp@gc - Ultimate Thread Group 1-2,text,true,,1786,1143,5,5,https://opensource-demo.orangehrmlive.com/web/index.php/auth/validate,600,0,0
1699363685814,304,login-11-1,200,OK,jp@gc - Ultimate Thread Group 1-2,text,true,,7699,968,5,5,https://opensource-demo.orangehrmlive.com/web/index.php/dashboard/index,304,0,0
1699363686119,379,login-13,200,OK,jp@gc - Ultimate Thread Group 1-2,text,true,,7699,868,5,5,https://opensource-demo.orangehrmlive.com/web/index.php/dashboard/index,379,0,0
1699363686499,680,login-16,200,OK,jp@gc - Ultimate Thread Group 1-2,text,true,,93033,731,5,5,https://opensource-demo.orangehrmlive.com/web/index.php/core/i18n/messages,486,0,0
1699363687180,135,login-17,200,OK,jp@gc - Ultimate Thread Group 1-2,,true,,27385,751,5,5,https://opensource-demo.orangehrmlive.com/web/dist/fonts/nunito-sans-v6-latin-ext_latin-700.woff2,135,0,0
1699363687316,139,login-18,200,OK,jp@gc - Ultimate Thread Group 1-2,,true,,27873,754,5,5,https://opensource-demo.orangehrmlive.com/web/dist/fonts/nunito-sans-v6-latin-ext_latin-italic.woff2,138,0,0
1699363687456,289,login-19,200,OK,jp@gc - Ultimate Thread Group 1-2,text,true,,2243,834,5,5,https://opensource-demo.orangehrmlive.com/web/index.php/api/v2/dashboard/employees/time-at-work?timezoneOffset=3&currentDate=2023-11-07&currentTime=13%3A27,289,0,0
1699363687746,222,login-20,200,OK,jp@gc - Ultimate Thread Group 1-2,text,true,,1242,761,5,5,https://opensource-demo.orangehrmlive.com/web/index.php/api/v2/dashboard/shortcuts,221,0,0
1699363687968,245,login-21,200,OK,jp@gc - Ultimate Thread Group 1-2,text,true,,1282,776,5,5,https://opensource-demo.orangehrmlive.com/web/index.php/api/v2/dashboard/employees/action-summary,245,0,0
1699363688214,229,login-22,200,OK,jp@gc - Ultimate Thread Group 1-2,text,true,,1617,750,5,5,https://opensource-demo.orangehrmlive.com/web/index.php/api/v2/buzz/feed?limit=5&offset=0&sortOrder=DESC&sortField=share.createdAtUtc,229,0,0
1699363688444,226,login-24,200,OK,jp@gc - Ultimate Thread Group 1-2,text,true,,1125,784,5,5,https://opensource-demo.orangehrmlive.com/web/index.php/api/v2/dashboard/employees/leaves?date=2023-05-25,226,0,0
1699363688671,244,login-25,200,OK,jp@gc - Ultimate Thread Group 1-2,text,true,,1061,802,5,5,https://opensource-demo.orangehrmlive.com/web/index.php/events/push,244,0,0
1699363688916,291,login-26,200,OK,jp@gc - Ultimate Thread Group 1-2,text,true,,1219,769,5,5,https://opensource-demo.orangehrmlive.com/web/index.php/api/v2/dashboard/employees/subunit,291,0,0
1699363689207,231,login-27,200,OK,jp@gc - Ultimate Thread Group 1-2,text,true,,1617,771,5,5,https://opensource-demo.orangehrmlive.com/web/index.php/api/v2/dashboard/employees/locations,231,0,0
1699363689439,265,login-29,200,OK,jp@gc - Ultimate Thread Group 1-2,bin,true,,5842,733,5,5,https://opensource-demo.orangehrmlive.com/web/index.php/pim/viewPhoto/empNumber/15,264,0,0
1699363689704,277,login-31,200,OK,jp@gc - Ultimate Thread Group 1-2,bin,true,,17412,732,5,5,https://opensource-demo.orangehrmlive.com/web/index.php/pim/viewPhoto/empNumber/7,277,0,0
1699363689982,204,login-34,200,OK,jp@gc - Ultimate Thread Group 1-2,bin,true,,5842,732,5,5,https://opensource-demo.orangehrmlive.com/web/index.php/pim/viewPhoto/empNumber/2,204,0,0
1699363690187,211,login-33,400,Bad Request,jp@gc - Ultimate Thread Group 1-2,text,false,,331,720,5,5,https://opensource-demo.orangehrmlive.com/web/index.php/buzz/photo/12,211,0,0
1699363690399,195,login-36,200,OK,jp@gc - Ultimate Thread Group 1-2,bin,true,,5842,733,5,5,https://opensource-demo.orangehrmlive.com/web/index.php/pim/viewPhoto/empNumber/22,195,0,0
1699363690595,238,login-35,400,Bad Request,jp@gc - Ultimate Thread Group 1-2,text,false,,331,720,5,5,https://opensource-demo.orangehrmlive.com/web/index.php/buzz/photo/11,238,0,0
1699363691074,259,Save,200,"Number of samples in transaction : 1, number of failing samples : 0",jp@gc - Ultimate Thread Group 1-5,,true,,1497,1188,5,5,null,0,0,0
1699363691074,259,Save-59,200,OK,jp@gc - Ultimate Thread Group 1-5,text,true,,1497,1188,5,5,https://opensource-demo.orangehrmlive.com/web/index.php/api/v2/pim/employees/7/personal-details,259,0,0
1699363692333,816,Logout,200,"Number of samples in transaction : 2, number of failing samples : 0",jp@gc - Ultimate Thread Group 1-5,,true,,32909,2476,5,5,null,0,3,0
1699363692334,139,Logout-62,200,OK,jp@gc - Ultimate Thread Group 1-5,,true,,26665,751,5,5,https://opensource-demo.orangehrmlive.com/web/dist/fonts/nunito-sans-v6-latin-ext_latin-300.woff2,139,0,0
1699363692475,677,Logout-63,200,OK,jp@gc - Ultimate Thread Group 1-5,text,true,,6244,1725,5,5,https://opensource-demo.orangehrmlive.com/web/index.php/auth/login,278,0,0
1699363692475,278,Logout-63-0,302,Found,jp@gc - Ultimate Thread Group 1-5,text,true,,1761,863,5,5,https://opensource-demo.orangehrmlive.com/web/index.php/auth/logout,278,0,0
1699363692753,399,Logout-63-1,200,OK,jp@gc - Ultimate Thread Group 1-5,text,true,,4483,862,5,5,https://opensource-demo.orangehrmlive.com/web/index.php/auth/login,399,0,0
1699363689080,4366,click My Info,200,"Number of samples in transaction : 13, number of failing samples : 0",jp@gc - Ultimate Thread Group 1-3,,true,,176610,10898,5,5,null,0,9,0
1699363689080,598,click My Info-39,200,OK,jp@gc - Ultimate Thread Group 1-3,text,true,,23808,1716,5,5,https://opensource-demo.orangehrmlive.com/web/index.php/pim/viewPersonalDetails/empNumber/7,205,0,0
1699363689080,205,click My Info-39-0,302,Found,jp@gc - Ultimate Thread Group 1-3,text,true,,1784,849,5,5,https://opensource-demo.orangehrmlive.com/web/index.php/pim/viewMyDetails,205,0,0
1699363689285,393,click My Info-39-1,200,OK,jp@gc - Ultimate Thread Group 1-3,text,true,,22024,867,5,5,https://opensource-demo.orangehrmlive.com/web/index.php/pim/viewPersonalDetails/empNumber/7,393,0,0
1699363689679,349,click My Info-42,200,OK,jp@gc - Ultimate Thread Group 1-3,text,true,,22024,867,5,5,https://opensource-demo.orangehrmlive.com/web/index.php/pim/viewPersonalDetails/empNumber/7,348,0,0
1699363690028,442,click My Info-44,200,OK,jp@gc - Ultimate Thread Group 1-3,text,true,,93041,751,5,5,https://opensource-demo.orangehrmlive.com/web/index.php/core/i18n/messages,265,0,0
1699363690471,209,click My Info-45,200,OK,jp@gc - Ultimate Thread Group 1-3,bin,true,,17412,752,5,5,https://opensource-demo.orangehrmlive.com/web/index.php/pim/viewPhoto/empNumber/7,209,0,0
1699363690681,285,click My Info-48,200,OK,jp@gc - Ultimate Thread Group 1-3,text,true,,1131,728,5,5,https://opensource-demo.orangehrmlive.com/web/index.php/api/v2/leave/workweek?model=indexed,285,0,0
1699363690967,222,click My Info-46,200,OK,jp@gc - Ultimate Thread Group 1-3,text,true,,1204,715,5,5,https://opensource-demo.orangehrmlive.com/web/index.php/api/v2/pim/employees/7,222,0,0
1699363691190,265,click My Info-49,200,OK,jp@gc - Ultimate Thread Group 1-3,text,true,,1236,807,5,5,https://opensource-demo.orangehrmlive.com/web/index.php/api/v2/pim/employees/7/custom-fields?screen=personal,265,0,0
1699363691456,335,click My Info-47,200,OK,jp@gc - Ultimate Thread Group 1-3,text,true,,1497,794,5,5,https://opensource-demo.orangehrmlive.com/web/index.php/api/v2/pim/employees/7/personal-details,335,0,0
1699363691792,307,click My Info-50,200,OK,jp@gc - Ultimate Thread Group 1-3,text,true,,1325,823,5,5,https://opensource-demo.orangehrmlive.com/web/index.php/api/v2/pim/employees/7/screen/personal/attachments?limit=50&offset=0,307,0,0
1699363692100,302,click My Info-52,200,OK,jp@gc - Ultimate Thread Group 1-3,text,true,,2910,752,5,5,https://opensource-demo.orangehrmlive.com/web/index.php/api/v2/leave/holidays?fromDate=2023-01-01&toDate=2023-12-31,301,0,0
1699363692402,242,click My Info-53,200,OK,jp@gc - Ultimate Thread Group 1-3,text,true,,1131,728,5,5,https://opensource-demo.orangehrmlive.com/web/index.php/api/v2/leave/workweek?model=indexed,242,0,0
1699363692644,418,click My Info-54,200,OK,jp@gc - Ultimate Thread Group 1-3,text,true,,6981,713,5,5,https://opensource-demo.orangehrmlive.com/web/index.php/api/v2/pim/employees,418,0,0
1699363693063,392,click My Info-55,200,OK,jp@gc - Ultimate Thread Group 1-3,text,true,,2910,752,5,5,https://opensource-demo.orangehrmlive.com/web/index.php/api/v2/leave/holidays?fromDate=2023-01-01&toDate=2023-12-31,392,0,0
1699363694456,262,Save,200,"Number of samples in transaction : 1, number of failing samples : 0",jp@gc - Ultimate Thread Group 1-3,,true,,1497,1188,5,5,null,0,0,0
1699363694456,262,Save-59,200,OK,jp@gc - Ultimate Thread Group 1-3,text,true,,1497,1188,5,5,https://opensource-demo.orangehrmlive.com/web/index.php/api/v2/pim/employees/7/personal-details,262,0,0
1699363690099,4687,click My Info,200,"Number of samples in transaction : 13, number of failing samples : 0",jp@gc - Ultimate Thread Group 1-4,,true,,176610,10898,5,5,null,0,8,0
1699363690099,574,click My Info-39,200,OK,jp@gc - Ultimate Thread Group 1-4,text,true,,23808,1716,5,5,https://opensource-demo.orangehrmlive.com/web/index.php/pim/viewPersonalDetails/empNumber/7,220,0,0
1699363690099,221,click My Info-39-0,302,Found,jp@gc - Ultimate Thread Group 1-4,text,true,,1784,849,5,5,https://opensource-demo.orangehrmlive.com/web/index.php/pim/viewMyDetails,220,0,0
1699363690320,353,click My Info-39-1,200,OK,jp@gc - Ultimate Thread Group 1-4,text,true,,22024,867,5,5,https://opensource-demo.orangehrmlive.com/web/index.php/pim/viewPersonalDetails/empNumber/7,353,0,0
1699363690674,349,click My Info-42,200,OK,jp@gc - Ultimate Thread Group 1-4,text,true,,22024,867,5,5,https://opensource-demo.orangehrmlive.com/web/index.php/pim/viewPersonalDetails/empNumber/7,349,0,0
1699363691024,456,click My Info-44,200,OK,jp@gc - Ultimate Thread Group 1-4,text,true,,93041,751,5,5,https://opensource-demo.orangehrmlive.com/web/index.php/core/i18n/messages,271,0,0
1699363691480,237,click My Info-45,200,OK,jp@gc - Ultimate Thread Group 1-4,bin,true,,17412,752,5,5,https://opensource-demo.orangehrmlive.com/web/index.php/pim/viewPhoto/empNumber/7,237,0,0
1699363691718,308,click My Info-48,200,OK,jp@gc - Ultimate Thread Group 1-4,text,true,,1131,728,5,5,https://opensource-demo.orangehrmlive.com/web/index.php/api/v2/leave/workweek?model=indexed,308,0,0
1699363692026,316,click My Info-46,200,OK,jp@gc - Ultimate Thread Group 1-4,text,true,,1204,715,5,5,https://opensource-demo.orangehrmlive.com/web/index.php/api/v2/pim/employees/7,316,0,0
1699363692343,246,click My Info-49,200,OK,jp@gc - Ultimate Thread Group 1-4,text,true,,1236,807,5,5,https://opensource-demo.orangehrmlive.com/web/index.php/api/v2/pim/employees/7/custom-fields?screen=personal,245,0,0
1699363692589,455,click My Info-47,200,OK,jp@gc - Ultimate Thread Group 1-4,text,true,,1497,794,5,5,https://opensource-demo.orangehrmlive.com/web/index.php/api/v2/pim/employees/7/personal-details,455,0,0
1699363693045,391,click My Info-50,200,OK,jp@gc - Ultimate Thread Group 1-4,text,true,,1325,823,5,5,https://opensource-demo.orangehrmlive.com/web/index.php/api/v2/pim/employees/7/screen/personal/attachments?limit=50&offset=0,391,0,0
1699363693437,392,click My Info-52,200,OK,jp@gc - Ultimate Thread Group 1-4,text,true,,2910,752,5,5,https://opensource-demo.orangehrmlive.com/web/index.php/api/v2/leave/holidays?fromDate=2023-01-01&toDate=2023-12-31,392,0,0
1699363693830,352,click My Info-53,200,OK,jp@gc - Ultimate Thread Group 1-4,text,true,,1131,728,5,5,https://opensource-demo.orangehrmlive.com/web/index.php/api/v2/leave/workweek?model=indexed,352,0,0
1699363694183,368,click My Info-54,200,OK,jp@gc - Ultimate Thread Group 1-4,text,true,,6981,713,5,5,https://opensource-demo.orangehrmlive.com/web/index.php/api/v2/pim/employees,368,0,0
1699363694551,243,click My Info-55,200,OK,jp@gc - Ultimate Thread Group 1-4,text,true,,2910,752,5,5,https://opensource-demo.orangehrmlive.com/web/index.php/api/v2/leave/holidays?fromDate=2023-01-01&toDate=2023-12-31,243,0,0
1699363695795,269,Save,200,"Number of samples in transaction : 1, number of failing samples : 0",jp@gc - Ultimate Thread Group 1-4,,true,,1497,1188,5,5,null,0,0,0
1699363695795,269,Save-59,200,OK,jp@gc - Ultimate Thread Group 1-4,text,true,,1497,1188,5,5,https://opensource-demo.orangehrmlive.com/web/index.php/api/v2/pim/employees/7/personal-details,269,0,0
1699363695718,711,Logout,200,"Number of samples in transaction : 2, number of failing samples : 0",jp@gc - Ultimate Thread Group 1-3,,true,,32924,2476,5,5,null,0,3,0
1699363695718,134,Logout-62,200,OK,jp@gc - Ultimate Thread Group 1-3,,true,,26665,751,5,5,https://opensource-demo.orangehrmlive.com/web/dist/fonts/nunito-sans-v6-latin-ext_latin-300.woff2,133,0,0
1699363695854,577,Logout-63,200,OK,jp@gc - Ultimate Thread Group 1-3,text,true,,6259,1725,5,5,https://opensource-demo.orangehrmlive.com/web/index.php/auth/login,228,0,0
1699363695854,228,Logout-63-0,302,Found,jp@gc - Ultimate Thread Group 1-3,text,true,,1761,863,5,5,https://opensource-demo.orangehrmlive.com/web/index.php/auth/logout,228,0,0
1699363696083,348,Logout-63-1,200,OK,jp@gc - Ultimate Thread Group 1-3,text,true,,4498,862,5,5,https://opensource-demo.orangehrmlive.com/web/index.php/auth/login,348,0,0
1699363690577,5846,login,400,"Number of samples in transaction : 19, number of failing samples : 2",jp@gc - Ultimate Thread Group 1-1,,false,,212489,15831,5,5,null,0,10,0
1699363690579,932,login-11,200,OK,jp@gc - Ultimate Thread Group 1-1,text,true,,9485,2110,5,5,https://opensource-demo.orangehrmlive.com/web/index.php/dashboard/index,547,0,0
1699363690579,547,login-11-0,302,Found,jp@gc - Ultimate Thread Group 1-1,text,true,,1786,1142,5,5,https://opensource-demo.orangehrmlive.com/web/index.php/auth/validate,547,0,0
1699363691126,385,login-11-1,200,OK,jp@gc - Ultimate Thread Group 1-1,text,true,,7699,968,5,5,https://opensource-demo.orangehrmlive.com/web/index.php/dashboard/index,385,0,0
1699363691511,282,login-13,200,OK,jp@gc - Ultimate Thread Group 1-1,text,true,,7699,868,5,5,https://opensource-demo.orangehrmlive.com/web/index.php/dashboard/index,282,0,0
1699363691794,560,login-16,200,OK,jp@gc - Ultimate Thread Group 1-1,text,true,,93041,731,5,5,https://opensource-demo.orangehrmlive.com/web/index.php/core/i18n/messages,362,0,0
1699363692354,136,login-17,200,OK,jp@gc - Ultimate Thread Group 1-1,,true,,27385,751,5,5,https://opensource-demo.orangehrmlive.com/web/dist/fonts/nunito-sans-v6-latin-ext_latin-700.woff2,135,0,0
1699363692490,131,login-18,200,OK,jp@gc - Ultimate Thread Group 1-1,,true,,27873,754,5,5,https://opensource-demo.orangehrmlive.com/web/dist/fonts/nunito-sans-v6-latin-ext_latin-italic.woff2,131,0,0
1699363692622,422,login-19,200,OK,jp@gc - Ultimate Thread Group 1-1,text,true,,2243,834,5,5,https://opensource-demo.orangehrmlive.com/web/index.php/api/v2/dashboard/employees/time-at-work?timezoneOffset=3&currentDate=2023-11-07&currentTime=13%3A27,422,0,0
1699363693045,260,login-20,200,OK,jp@gc - Ultimate Thread Group 1-1,text,true,,1242,761,5,5,https://opensource-demo.orangehrmlive.com/web/index.php/api/v2/dashboard/shortcuts,259,0,0
1699363693305,275,login-21,200,OK,jp@gc - Ultimate Thread Group 1-1,text,true,,1282,776,5,5,https://opensource-demo.orangehrmlive.com/web/index.php/api/v2/dashboard/employees/action-summary,275,0,0
1699363693581,254,login-22,200,OK,jp@gc - Ultimate Thread Group 1-1,text,true,,1617,750,5,5,https://opensource-demo.orangehrmlive.com/web/index.php/api/v2/buzz/feed?limit=5&offset=0&sortOrder=DESC&sortField=share.createdAtUtc,254,0,0
1699363693836,271,login-24,200,OK,jp@gc - Ultimate Thread Group 1-1,text,true,,1125,784,5,5,https://opensource-demo.orangehrmlive.com/web/index.php/api/v2/dashboard/employees/leaves?date=2023-05-25,271,0,0
1699363694107,199,login-25,200,OK,jp@gc - Ultimate Thread Group 1-1,text,true,,1061,802,5,5,https://opensource-demo.orangehrmlive.com/web/index.php/events/push,199,0,0
1699363694307,270,login-26,200,OK,jp@gc - Ultimate Thread Group 1-1,text,true,,1219,769,5,5,https://opensource-demo.orangehrmlive.com/web/index.php/api/v2/dashboard/employees/subunit,270,0,0
1699363694577,299,login-27,200,OK,jp@gc - Ultimate Thread Group 1-1,text,true,,1617,771,5,5,https://opensource-demo.orangehrmlive.com/web/index.php/api/v2/dashboard/employees/locations,299,0,0
1699363694876,209,login-29,200,OK,jp@gc - Ultimate Thread Group 1-1,bin,true,,5842,733,5,5,https://opensource-demo.orangehrmlive.com/web/index.php/pim/viewPhoto/empNumber/15,209,0,0
1699363695085,273,login-31,200,OK,jp@gc - Ultimate Thread Group 1-1,bin,true,,17412,732,5,5,https://opensource-demo.orangehrmlive.com/web/index.php/pim/viewPhoto/empNumber/7,273,0,0
1699363695358,234,login-34,200,OK,jp@gc - Ultimate Thread Group 1-1,bin,true,,5842,732,5,5,https://opensource-demo.orangehrmlive.com/web/index.php/pim/viewPhoto/empNumber/2,234,0,0
1699363695591,201,login-33,400,Bad Request,jp@gc - Ultimate Thread Group 1-1,text,false,,331,720,5,5,https://opensource-demo.orangehrmlive.com/web/index.php/buzz/photo/12,201,0,0
1699363695793,270,login-36,200,OK,jp@gc - Ultimate Thread Group 1-1,bin,true,,5842,733,5,5,https://opensource-demo.orangehrmlive.com/web/index.php/pim/viewPhoto/empNumber/22,270,0,0
1699363696064,368,login-35,400,Bad Request,jp@gc - Ultimate Thread Group 1-1,text,false,,331,720,5,5,https://opensource-demo.orangehrmlive.com/web/index.php/buzz/photo/11,368,0,0
1699363691835,4965,click My Info,200,"Number of samples in transaction : 13, number of failing samples : 0",jp@gc - Ultimate Thread Group 1-2,,true,,176601,10898,5,5,null,0,12,0
1699363691835,709,click My Info-39,200,OK,jp@gc - Ultimate Thread Group 1-2,text,true,,23808,1716,5,5,https://opensource-demo.orangehrmlive.com/web/index.php/pim/viewPersonalDetails/empNumber/7,260,0,0
1699363691835,260,click My Info-39-0,302,Found,jp@gc - Ultimate Thread Group 1-2,text,true,,1784,849,5,5,https://opensource-demo.orangehrmlive.com/web/index.php/pim/viewMyDetails,260,0,0
1699363692096,448,click My Info-39-1,200,OK,jp@gc - Ultimate Thread Group 1-2,text,true,,22024,867,5,5,https://opensource-demo.orangehrmlive.com/web/index.php/pim/viewPersonalDetails/empNumber/7,448,0,0
1699363692544,675,click My Info-42,200,OK,jp@gc - Ultimate Thread Group 1-2,text,true,,22024,867,5,5,https://opensource-demo.orangehrmlive.com/web/index.php/pim/viewPersonalDetails/empNumber/7,674,0,0
1699363693220,1048,click My Info-44,200,OK,jp@gc - Ultimate Thread Group 1-2,text,true,,93032,751,5,5,https://opensource-demo.orangehrmlive.com/web/index.php/core/i18n/messages,540,0,0
1699363694268,236,click My Info-45,200,OK,jp@gc - Ultimate Thread Group 1-2,bin,true,,17412,752,5,5,https://opensource-demo.orangehrmlive.com/web/index.php/pim/viewPhoto/empNumber/7,236,0,0
1699363694505,247,click My Info-48,200,OK,jp@gc - Ultimate Thread Group 1-2,text,true,,1131,728,5,5,https://opensource-demo.orangehrmlive.com/web/index.php/api/v2/leave/workweek?model=indexed,247,0,0
1699363694753,254,click My Info-46,200,OK,jp@gc - Ultimate Thread Group 1-2,text,true,,1204,715,5,5,https://opensource-demo.orangehrmlive.com/web/index.php/api/v2/pim/employees/7,254,0,0
1699363695008,239,click My Info-49,200,OK,jp@gc - Ultimate Thread Group 1-2,text,true,,1236,807,5,5,https://opensource-demo.orangehrmlive.com/web/index.php/api/v2/pim/employees/7/custom-fields?screen=personal,239,0,0
1699363695248,268,click My Info-47,200,OK,jp@gc - Ultimate Thread Group 1-2,text,true,,1497,794,5,5,https://opensource-demo.orangehrmlive.com/web/index.php/api/v2/pim/employees/7/personal-details,268,0,0
1699363695516,227,click My Info-50,200,OK,jp@gc - Ultimate Thread Group 1-2,text,true,,1325,823,5,5,https://opensource-demo.orangehrmlive.com/web/index.php/api/v2/pim/employees/7/screen/personal/attachments?limit=50&offset=0,227,0,0
1699363695744,266,click My Info-52,200,OK,jp@gc - Ultimate Thread Group 1-2,text,true,,2910,752,5,5,https://opensource-demo.orangehrmlive.com/web/index.php/api/v2/leave/holidays?fromDate=2023-01-01&toDate=2023-12-31,266,0,0
1699363696011,255,click My Info-53,200,OK,jp@gc - Ultimate Thread Group 1-2,text,true,,1131,728,5,5,https://opensource-demo.orangehrmlive.com/web/index.php/api/v2/leave/workweek?model=indexed,255,0,0
1699363696267,316,click My Info-54,200,OK,jp@gc - Ultimate Thread Group 1-2,text,true,,6981,713,5,5,https://opensource-demo.orangehrmlive.com/web/index.php/api/v2/pim/employees,316,0,0
1699363696585,225,click My Info-55,200,OK,jp@gc - Ultimate Thread Group 1-2,text,true,,2910,752,5,5,https://opensource-demo.orangehrmlive.com/web/index.php/api/v2/leave/holidays?fromDate=2023-01-01&toDate=2023-12-31,225,0,0
1699363697812,1333,Save,200,"Number of samples in transaction : 1, number of failing samples : 0",jp@gc - Ultimate Thread Group 1-2,,true,,1497,1188,5,5,null,0,1,0
1699363697812,1333,Save-59,200,OK,jp@gc - Ultimate Thread Group 1-2,text,true,,1497,1188,5,5,https://opensource-demo.orangehrmlive.com/web/index.php/api/v2/pim/employees/7/personal-details,1333,0,0
1699363697066,2273,Logout,200,"Number of samples in transaction : 2, number of failing samples : 0",jp@gc - Ultimate Thread Group 1-4,,true,,32934,2476,5,5,null,0,3,0
1699363697066,280,Logout-62,200,OK,jp@gc - Ultimate Thread Group 1-4,,true,,26665,751,5,5,https://opensource-demo.orangehrmlive.com/web/dist/fonts/nunito-sans-v6-latin-ext_latin-300.woff2,280,0,0
1699363697348,1993,Logout-63,200,OK,jp@gc - Ultimate Thread Group 1-4,text,true,,6269,1725,5,5,https://opensource-demo.orangehrmlive.com/web/index.php/auth/login,262,0,0
1699363697348,262,Logout-63-0,302,Found,jp@gc - Ultimate Thread Group 1-4,text,true,,1761,863,5,5,https://opensource-demo.orangehrmlive.com/web/index.php/auth/logout,262,0,0
1699363697610,1731,Logout-63-1,200,OK,jp@gc - Ultimate Thread Group 1-4,text,true,,4508,862,5,5,https://opensource-demo.orangehrmlive.com/web/index.php/auth/login,1731,0,0
1699363698154,8410,open Web Page,200,"Number of samples in transaction : 2, number of failing samples : 0",jp@gc - Ultimate Thread Group 1-5,,true,,97537,1547,5,5,null,0,4,5336
1699363698156,5843,open Web Page-9,200,OK,jp@gc - Ultimate Thread Group 1-5,text,true,,4504,821,5,5,https://opensource-demo.orangehrmlive.com/web/index.php/auth/login,5843,0,5336
1699363704000,2567,open Web Page-10,200,OK,jp@gc - Ultimate Thread Group 1-5,text,true,,93033,726,5,5,https://opensource-demo.orangehrmlive.com/web/index.php/core/i18n/messages,1013,0,0
1699363700146,10598,Logout,200,"Number of samples in transaction : 2, number of failing samples : 0",jp@gc - Ultimate Thread Group 1-2,,true,,32914,2476,5,5,null,0,2,0
1699363700146,7315,Logout-62,200,OK,jp@gc - Ultimate Thread Group 1-2,,true,,26665,751,5,5,https://opensource-demo.orangehrmlive.com/web/dist/fonts/nunito-sans-v6-latin-ext_latin-300.woff2,4825,0,0
1699363707463,3283,Logout-63,200,OK,jp@gc - Ultimate Thread Group 1-2,text,true,,6249,1725,5,5,https://opensource-demo.orangehrmlive.com/web/index.php/auth/login,472,0,0
1699363707463,472,Logout-63-0,302,Found,jp@gc - Ultimate Thread Group 1-2,text,true,,1761,863,5,5,https://opensource-demo.orangehrmlive.com/web/index.php/auth/logout,472,0,0
1699363707936,2810,Logout-63-1,200,OK,jp@gc - Ultimate Thread Group 1-2,text,true,,4488,862,5,5,https://opensource-demo.orangehrmlive.com/web/index.php/auth/login,2810,0,0
1699363704342,6619,open Web Page,200,"Number of samples in transaction : 2, number of failing samples : 0",jp@gc - Ultimate Thread Group 1-4,,true,,97527,1547,5,5,null,0,5,884
1699363704345,1345,open Web Page-9,200,OK,jp@gc - Ultimate Thread Group 1-4,text,true,,4486,821,5,5,https://opensource-demo.orangehrmlive.com/web/index.php/auth/login,1345,0,884
1699363705691,5274,open Web Page-10,200,OK,jp@gc - Ultimate Thread Group 1-4,text,true,,93041,726,5,5,https://opensource-demo.orangehrmlive.com/web/index.php/core/i18n/messages,675,0,0
1699363701433,10357,open Web Page,200,"Number of samples in transaction : 2, number of failing samples : 0",jp@gc - Ultimate Thread Group 1-3,,true,,97537,1547,5,5,null,0,3,980
1699363701435,2700,open Web Page-9,200,OK,jp@gc - Ultimate Thread Group 1-3,text,true,,4496,821,5,5,https://opensource-demo.orangehrmlive.com/web/index.php/auth/login,2699,0,980
1699363704135,7657,open Web Page-10,200,OK,jp@gc - Ultimate Thread Group 1-3,text,true,,93041,726,5,5,https://opensource-demo.orangehrmlive.com/web/index.php/core/i18n/messages,3233,0,0
1699363715747,13549,open Web Page,200,,jp@gc - Ultimate Thread Group 1-2,,true,,97549,1547,5,5,null,0,0,0
1699363715749,2037,open Web Page-9,200,OK,jp@gc - Ultimate Thread Group 1-2,text,true,,4508,821,5,5,https://opensource-demo.orangehrmlive.com/web/index.php/auth/login,2037,0,1564
1699363717787,11509,open Web Page-10,200,OK,jp@gc - Ultimate Thread Group 1-2,text,true,,93041,726,5,5,https://opensource-demo.orangehrmlive.com/web/index.php/core/i18n/messages,1373,0,0
1699363712793,16974,login,200,,jp@gc - Ultimate Thread Group 1-3,,true,,137610,4469,4,4,null,0,0,0
1699363712795,1670,login-11,200,OK,jp@gc - Ultimate Thread Group 1-3,text,true,,9485,2119,5,5,https://opensource-demo.orangehrmlive.com/web/index.php/dashboard/index,779,0,0
1699363712795,779,login-11-0,302,Found,jp@gc - Ultimate Thread Group 1-3,text,true,,1786,1151,5,5,https://opensource-demo.orangehrmlive.com/web/index.php/auth/validate,779,0,0
1699363713575,890,login-11-1,200,OK,jp@gc - Ultimate Thread Group 1-3,text,true,,7699,968,5,5,https://opensource-demo.orangehrmlive.com/web/index.php/dashboard/index,890,0,0
1699363714466,848,login-13,200,OK,jp@gc - Ultimate Thread Group 1-3,text,true,,7699,868,5,5,https://opensource-demo.orangehrmlive.com/web/index.php/dashboard/index,847,0,0
1699363715314,10798,login-16,200,OK,jp@gc - Ultimate Thread Group 1-3,text,true,,93041,731,5,5,https://opensource-demo.orangehrmlive.com/web/index.php/core/i18n/messages,2001,0,0
1699363726113,3654,login-17,200,OK,jp@gc - Ultimate Thread Group 1-3,,true,,27385,751,4,4,https://opensource-demo.orangehrmlive.com/web/dist/fonts/nunito-sans-v6-latin-ext_latin-700.woff2,3653,0,0
1699363711966,17920,login,200,,jp@gc - Ultimate Thread Group 1-4,,true,,110217,3708,3,3,null,0,0,0
1699363711968,1557,login-11,200,OK,jp@gc - Ultimate Thread Group 1-4,text,true,,9485,2109,5,5,https://opensource-demo.orangehrmlive.com/web/index.php/dashboard/index,834,0,0
1699363711968,834,login-11-0,302,Found,jp@gc - Ultimate Thread Group 1-4,text,true,,1786,1141,5,5,https://opensource-demo.orangehrmlive.com/web/index.php/auth/validate,834,0,0
1699363712803,722,login-11-1,200,OK,jp@gc - Ultimate Thread Group 1-4,text,true,,7699,968,5,5,https://opensource-demo.orangehrmlive.com/web/index.php/dashboard/index,722,0,0
1699363713526,591,login-13,200,OK,jp@gc - Ultimate Thread Group 1-4,text,true,,7699,868,5,5,https://opensource-demo.orangehrmlive.com/web/index.php/dashboard/index,591,0,0
1699363714118,15768,login-16,200,OK,jp@gc - Ultimate Thread Group 1-4,text,true,,93033,731,3,3,https://opensource-demo.orangehrmlive.com/web/index.php/core/i18n/messages,1308,0,0
1699363707568,23365,login,200,,jp@gc - Ultimate Thread Group 1-5,,true,,110225,3726,2,2,null,0,0,0
1699363707570,1346,login-11,200,OK,jp@gc - Ultimate Thread Group 1-5,text,true,,9485,2127,5,5,https://opensource-demo.orangehrmlive.com/web/index.php/dashboard/index,787,0,0
1699363707570,787,login-11-0,302,Found,jp@gc - Ultimate Thread Group 1-5,text,true,,1786,1159,5,5,https://opensource-demo.orangehrmlive.com/web/index.php/auth/validate,787,0,0
1699363708357,559,login-11-1,200,OK,jp@gc - Ultimate Thread Group 1-5,text,true,,7699,968,5,5,https://opensource-demo.orangehrmlive.com/web/index.php/dashboard/index,559,0,0
1699363708916,1731,login-13,200,OK,jp@gc - Ultimate Thread Group 1-5,text,true,,7699,868,5,5,https://opensource-demo.orangehrmlive.com/web/index.php/dashboard/index,1731,0,0
1699363710647,20286,login-16,200,OK,jp@gc - Ultimate Thread Group 1-5,text,true,,93041,731,2,2,https://opensource-demo.orangehrmlive.com/web/index.php/core/i18n/messages,5090,0,0
1699363697432,33844,click My Info,200,,jp@gc - Ultimate Thread Group 1-1,,true,,138873,3334,1,1,null,0,0,0
1699363697433,18545,click My Info-39,200,OK,jp@gc - Ultimate Thread Group 1-1,text,true,,23808,1716,5,5,https://opensource-demo.orangehrmlive.com/web/index.php/pim/viewPersonalDetails/empNumber/7,1549,0,0
1699363697433,1549,click My Info-39-0,302,Found,jp@gc - Ultimate Thread Group 1-1,text,true,,1784,849,5,5,https://opensource-demo.orangehrmlive.com/web/index.php/pim/viewMyDetails,1549,0,0
1699363698982,16996,click My Info-39-1,200,OK,jp@gc - Ultimate Thread Group 1-1,text,true,,22024,867,5,5,https://opensource-demo.orangehrmlive.com/web/index.php/pim/viewPersonalDetails/empNumber/7,5573,0,0
1699363715979,1746,click My Info-42,200,OK,jp@gc - Ultimate Thread Group 1-1,text,true,,22024,867,5,5,https://opensource-demo.orangehrmlive.com/web/index.php/pim/viewPersonalDetails/empNumber/7,1745,0,0
1699363717726,13550,click My Info-44,200,OK,jp@gc - Ultimate Thread Group 1-1,text,true,,93041,751,1,1,https://opensource-demo.orangehrmlive.com/web/index.php/core/i18n/messages,2566,0,0
